time,keff,rod_position
0,1.12024835707651,1
7,1.11853086784941,1
14,1.11752384426905,1
21,1.1165615149282,1
28,1.11428292331264,1
35,1.11288293152153,1
42,1.11238960640775,1
49,1.11058371736458,1
56,1.10856526280703,1
63,1.10767128002179,1
70,1.10576829115359,1
77,1.10436713512322,1
84,1.10332098113578,1
91,1.10084335987767,1
98,1.09953754108374,1
105,1.09871885623538,1
112,1.09709358443983,1
119,1.0963571236663,1
126,1.09434598796224,1
133,1.09269384814933,1
140,1.09273282438446,1
147,1.09048711184976,1
154,1.08923376410234,1
161,1.08708762590689,1
168,1.08612780863774,1
175,1.08505546129486,1
182,1.08302450321129,1
189,1.08238784900917,1
196,1.08049968065504,1
203,1.0792541531251,1
210,1.07769914669389,1
217,1.07752613909225,1
224,1.07519325138763,1
231,1.07327114453552,1
238,1.07281127245605,1
245,1.07038957817502,1
252,1.0697044317975,1
259,1.06722016493806,1
266,1.06613590697555,1
273,1.06549843061794,1
280,1.06436923329,1
287,1.0626856841406,1
294,1.06114217585881,1
301,1.05964944815221,1
308,1.05766073900482,1
315,1.0566400778958,1
322,1.05536968061452,1
329,1.05472856111311,1
336,1.05297180914478,1
343,1.05051847992232,1
350,1.0501620419847,1
357,1.04840745885979,1
364,1.04686153899985,1
0,1.11870583814442,1.5
7,1.11751549976125,1.5
14,1.11606564005956,1.5
21,1.11378039123839,1.5
28,1.11264539381207,1.5
35,1.1115656317157,1.5
42,1.11048777256356,1.5
49,1.10836041288108,1.5
56,1.10710717051167,1.5
63,1.105246832513,1.5
70,1.10380189668796,1.5
77,1.1034062629112,1.5
84,1.10227812001429,1.5
91,1.10016399493921,1.5
98,1.09930176644895,1.5
105,1.09758081801252,1.5
112,1.0956774401227,1.5
119,1.09478069780275,1.5
126,1.09396901828323,1.5
133,1.09178208698045,1.5
140,1.09118232182791,1.5
147,1.08769012744796,1.5
154,1.08801095125219,1.5
161,1.08624352353412,1.5
168,1.08465049632477,1.5
175,1.08344588038827,1.5
182,1.0810062155427,1.5
189,1.08049016405608,1.5
196,1.07937855628576,1.5
203,1.07853894702237,1.5
210,1.07614086489086,1.5
217,1.07459575319855,1.5
224,1.07334912147821,1.5
231,1.07265770105885,1.5
238,1.07096437555483,1.5
245,1.06913511989812,1.5
252,1.06825663371656,1.5
259,1.06664853877467,1.5
266,1.06568432249527,1.5
273,1.06344897345306,1.5
280,1.0622361689267,1.5
287,1.06080394592343,1.5
294,1.05886824252593,1.5
301,1.05834806013853,1.5
308,1.05693052763609,1.5
315,1.05540255672832,1.5
322,1.05388270643331,1.5
329,1.05189231462898,1.5
336,1.05098967733862,1.5
343,1.04962864274174,1.5
350,1.04799886136539,1.5
357,1.04691935714417,1.5
364,1.04580202542841,1.5
0,1.11774309295061,2
7,1.11548728890642,2
14,1.11412877519536,2
21,1.11256277704212,2
28,1.11024061439235,2
35,1.10978674306228,2
42,1.10843011510497,2
49,1.10823162105624,2
56,1.10550381951761,2
63,1.10435077367117,2
70,1.10278264411515,2
77,1.10081566098119,2
84,1.10057141140726,2
91,1.09897596651634,2
98,1.09759551597352,2
105,1.0953453062726,2
112,1.09510139715547,2
119,1.0922990744686,2
126,1.0918934285469,2
133,1.09129522781291,2
140,1.08830473183744,2
147,1.0871168511352,2
154,1.08604982568254,2
161,1.08434826217294,2
168,1.08242466828447,2
175,1.0818342814874,2
182,1.07986884814314,2
189,1.07923679621532,2
196,1.07714028788288,2
203,1.07697496720251,2
210,1.07440837335383,2
217,1.0732389692419,2
224,1.07240675860869,2
231,1.06998456784178,2
238,1.0693137299673,2
245,1.06845357137714,2
252,1.06559625838272,2
259,1.06509231692927,2
266,1.06372994139712,2
273,1.06259091143589,2
280,1.06018152464456,2
287,1.05873977169346,2
294,1.05826097078281,2
301,1.05674849233662,2
308,1.05532524642517,2
315,1.05397322410475,2
322,1.05205998763921,2
329,1.05111612684858,2
336,1.04974653623665,2
343,1.04784282429099,2
350,1.04773288725557,2
357,1.04563691646046,2
364,1.0434043482514,2
0,1.11552827680432,2.5
7,1.11331265916489,2.5
14,1.11279354230187,2.5
21,1.1115792977895,2.5
28,1.10918965884082,2.5
35,1.10868168806462,2.5
42,1.10700639046347,2.5
49,1.10581103008,2.5
56,1.10494839649133,2.5
63,1.102477305942,2.5
70,1.10082313191782,2.5
77,1.09935524278519,2.5
84,1.09799209485752,2.5
91,1.09696144914529,2.5
98,1.09577057598741,2.5
105,1.09433834539967,2.5
112,1.09321359162452,2.5
119,1.09140650094594,2.5
126,1.09072676703858,2.5
133,1.08846767158338,2.5
140,1.0885600845833,2.5
147,1.08611283367388,2.5
154,1.08397142122179,2.5
161,1.08246455375097,2.5
168,1.08184123620762,2.5
175,1.08008826860734,2.5
182,1.07915700024705,2.5
189,1.07763661881229,2.5
196,1.07596358554367,2.5
203,1.07417660314097,2.5
210,1.07244257638766,2.5
217,1.07157674252397,2.5
224,1.07082819939716,2.5
231,1.06910704687207,2.5
238,1.06697713061064,2.5
245,1.06628659046293,2.5
252,1.06499265868987,2.5
259,1.0629580712819,2.5
266,1.06207686255297,2.5
273,1.06062910435922,2.5
280,1.05862851485109,2.5
287,1.05797889368017,2.5
294,1.05668039226318,2.5
301,1.05554152562159,2.5
308,1.05412690102602,2.5
315,1.05151116531602,2.5
322,1.05033108748004,2.5
329,1.0496575176336,2.5
336,1.04825689297546,2.5
343,1.04685752384315,2.5
350,1.04712636574533,2.5
357,1.04408544525535,2.5
364,1.04296778282009,2.5
0,1.11407700088175,3
7,1.11252569562565,3
14,1.11064236537768,3
21,1.10977948461025,3
28,1.10761358739273,3
35,1.10648159069663,3
42,1.10495731822609,3
49,1.10384093706969,3
56,1.10355732928334,3
63,1.1000663674037,3
70,1.09994313009519,3
77,1.09739364206441,3
84,1.09656403406711,3
91,1.09594447529848,3
98,1.09403214000955,3
105,1.09206112761104,3
112,1.09084234814537,3
119,1.09013979887447,3
126,1.08803481668414,3
133,1.08710822929479,3
140,1.08562278591995,3
147,1.0838741998262,3
154,1.08387197204466,3
161,1.08171695951116,3
168,1.07898742870667,3
175,1.07869322715739,3
182,1.07686910676762,3
189,1.0762262166674,3
196,1.07400373963078,3
203,1.07294263177927,3
210,1.07185249363949,3
217,1.07063287759709,3
224,1.06819985179647,3
231,1.06723274938208,3
238,1.06576252734442,3
245,1.06427333538371,3
252,1.06408272712014,3
259,1.06200249085548,3
266,1.05976955802283,3
273,1.05945893097353,3
280,1.05866107809851,3
287,1.05671623263028,3
294,1.05404031501702,3
301,1.05315788296357,3
308,1.05263345557459,3
315,1.05024616526719,3
322,1.04942190971407,3
329,1.04818731702672,3
336,1.04593653476421,3
343,1.04497023732197,3
350,1.04197936632997,3
357,1.04168780617933,3
364,1.0406737159243,3
0,1.11137610840902,3.5
7,1.11141620565197,3.5
14,1.10848492931102,3.5
21,1.10757997775665,3.5
28,1.10646537028864,3.5
35,1.10572063664453,3.5
42,1.10288206892441,3.5
49,1.10278158187608,3.5
56,1.10080511653051,3.5
63,1.09890924567448,3.5
70,1.09823105173713,3.5
77,1.09669952984779,3.5
84,1.09489989156142,3.5
91,1.0938349010425,3.5
98,1.09220734320157,3.5
105,1.09105675867263,3.5
112,1.08993106533726,3.5
119,1.08899300840807,3.5
126,1.08618109225059,3.5
133,1.08646651668733,3.5
140,1.08302395610024,3.5
147,1.08252410745248,3.5
154,1.08149415860324,3.5
161,1.07994049593387,3.5
168,1.07808865024009,3.5
175,1.07689593887482,3.5
182,1.07535349953267,3.5
189,1.07390531762153,3.5
196,1.07322480104851,3.5
203,1.07157850774298,3.5
210,1.06965354520237,3.5
217,1.06904979993772,3.5
224,1.06735364976044,3.5
231,1.06620643105942,3.5
238,1.06471481442096,3.5
245,1.06258550249454,3.5
252,1.0613199094799,3.5
259,1.06057364680256,3.5
266,1.05910518513272,3.5
273,1.05738954920302,3.5
280,1.05605866369165,3.5
287,1.0552388324479,3.5
294,1.05290421430558,3.5
301,1.05207354869059,3.5
308,1.05029890367378,3.5
315,1.04889115939839,3.5
322,1.04814938842599,3.5
329,1.04661270817449,3.5
336,1.045206754818,3.5
343,1.04405273940358,3.5
350,1.04201050192082,3.5
357,1.04094097648565,3.5
364,1.0390448666217,3.5
0,1.11056208317624,4
7,1.10893492847282,4
14,1.1076484979825,4
21,1.10649757851272,4
28,1.10439088965838,4
35,1.10444619363784,4
42,1.10149699130925,4
49,1.09999290569361,4
56,1.09977905543675,4
63,1.09819583134698,4
70,1.09671205990853,4
77,1.09531417275463,4
84,1.09359387661358,4
91,1.09175137281426,4
98,1.0908379022791,4
105,1.08906141914424,4
112,1.08848755986671,4
119,1.08652647130925,4
126,1.0847872514016,4
133,1.08363930707917,4
140,1.08260646572714,4
147,1.0807181377236,4
154,1.07918888980222,4
161,1.07832184360575,4
168,1.07692248328555,4
175,1.07514652841232,4
182,1.07376448084719,4
189,1.07271602496868,4
196,1.07047595782925,4
203,1.06909626811281,4
210,1.06804077788937,4
217,1.06689327642414,4
224,1.0657554537828,4
231,1.06493767810848,4
238,1.0632288298116,4
245,1.06132003073502,4
252,1.05999049189605,4
259,1.05809873531768,4
266,1.057190743432,4
273,1.05565567068054,4
280,1.05456135928017,4
287,1.05258638452822,4
294,1.05185967325712,4
301,1.0509663694565,4
308,1.04874561992577,4
315,1.04760085586105,4
322,1.04634507199586,4
329,1.04439938976406,4
336,1.04331204624091,4
343,1.04180629620039,4
350,1.04044883804927,4
357,1.03861349510807,4
364,1.03761225508713,4
0,1.10904899914562,4.5
7,1.1081255718039,4.5
14,1.10647963541304,4.5
21,1.10567659122876,4.5
28,1.10281632621856,4.5
35,1.10223616031836,4.5
42,1.10049167100287,4.5
49,1.10009490146661,4.5
56,1.09719585085732,4.5
63,1.09578013907891,4.5
70,1.09450030367728,4.5
77,1.09233805213785,4.5
84,1.09173712248916,4.5
91,1.09022043366922,4.5
98,1.08927519689324,4.5
105,1.08797087798789,4.5
112,1.08733808541961,4.5
119,1.08547521191909,4.5
126,1.08331154817217,4.5
133,1.08175079266433,4.5
140,1.08104595958575,4.5
147,1.07873988339649,4.5
154,1.07891572938293,4.5
161,1.07718972006036,4.5
168,1.07496541217395,4.5
175,1.07294343273546,4.5
182,1.07307693618708,4.5
189,1.07094273007737,4.5
196,1.07021890815599,4.5
203,1.0674027861706,4.5
210,1.06650031248852,4.5
217,1.06540262184986,4.5
224,1.06402349029688,4.5
231,1.06237496726426,4.5
238,1.06151142496617,4.5
245,1.05926618978531,4.5
252,1.05832881025749,4.5
259,1.05706014781586,4.5
266,1.05585721941703,4.5
273,1.05455580743904,4.5
280,1.05223767895408,4.5
287,1.05063294291463,4.5
294,1.05063883841095,4.5
301,1.04876615700599,4.5
308,1.04682575673172,4.5
315,1.04657557598776,4.5
322,1.04445783731715,4.5
329,1.04358964859203,4.5
336,1.04163375924071,4.5
343,1.04123037396244,4.5
350,1.03967767042122,4.5
357,1.03727551792576,4.5
364,1.03648578547548,4.5
0,1.10752268797479,5
7,1.10648431577877,5
14,1.10391753826971,5
21,1.10334302573,5
28,1.10212921224343,5
35,1.09932063025679,5
42,1.09820837074367,5
49,1.09638038391112,5
56,1.09586529658278,5
63,1.0949587711279,5
70,1.09395117852605,5
77,1.09183704739021,5
84,1.09121430777279,5
91,1.08830994927089,5
98,1.08674830878032,5
105,1.08617222615055,5
112,1.08499203272447,5
119,1.08338365262595,5
126,1.08096627894998,5
133,1.08055543998024,5
140,1.07854776524975,5
147,1.07813483627442,5
154,1.07658329912305,5
161,1.07453006010684,5
168,1.07334306654133,5
175,1.07167039323906,5
182,1.07076866045136,5
189,1.06987757116025,5
196,1.06750713697683,5
203,1.06685202325776,5
210,1.06493487119081,5
217,1.06340356358387,5
224,1.06234648482002,5
231,1.06048237883879,5
238,1.05932317534733,5
245,1.05760106105371,5
252,1.05778236256646,5
259,1.05541763177599,5
266,1.053650137246,5
273,1.05270698995537,5
280,1.05114383597516,5
287,1.04968951520023,5
294,1.04870708335002,5
301,1.04737875385502,5
308,1.0453347494262,5
315,1.04391209087968,5
322,1.04266247415142,5
329,1.04024903941763,5
336,1.0392424044689,5
343,1.03928343713372,5
350,1.03802248385675,5
357,1.03567548198022,5
364,1.03468827848153,5
0,1.10575562507727,5.5
7,1.10573944040423,5.5
14,1.10335978745572,5.5
21,1.10133604120426,5.5
28,1.0995222297797,5.5
35,1.09779677683987,5.5
42,1.09730173181793,5.5
49,1.09542182462736,5.5
56,1.0936888731452,5.5
63,1.09267671355788,5.5
70,1.09105922599819,5.5
77,1.09104357081754,5.5
84,1.08924081987848,5.5
91,1.08739601367934,5.5
98,1.08673997206945,5.5
105,1.08463868415382,5.5
112,1.08276935789934,5.5
119,1.08256156203864,5.5
126,1.08066945502184,5.5
133,1.07848137692284,5.5
140,1.07750483066096,5.5
147,1.07576219087331,5.5
154,1.07410860013452,5.5
161,1.07386308877377,5.5
168,1.07295470832024,5.5
175,1.06990071621309,5.5
182,1.06948148461835,5.5
189,1.06747467871544,5.5
196,1.06615643730812,5.5
203,1.06470380303788,5.5
210,1.06316800461516,5.5
217,1.06222426081397,5.5
224,1.0603845249418,5.5
231,1.05953522841289,5.5
238,1.05797488094528,5.5
245,1.05648052597657,5.5
252,1.05474621816898,5.5
259,1.05351161433472,5.5
266,1.05277769561291,5.5
273,1.05125045859381,5.5
280,1.0491112223776,5.5
287,1.04824966615272,5.5
294,1.04717569356169,5.5
301,1.04456529735944,5.5
308,1.04427168009619,5.5
315,1.04226868812053,5.5
322,1.0414852993343,5.5
329,1.03941837042173,5.5
336,1.03749755894967,5.5
343,1.03618622878106,5.5
350,1.03562404247333,5.5
357,1.03432986125086,5.5
364,1.03234784168745,5.5
0,1.10431929622939,6
7,1.10176923996887,6
14,1.10116696010068,6
21,1.09919449190012,6
28,1.0980740819461,6
35,1.09702369933566,6
42,1.09516979331736,6
49,1.09400772222789,6
56,1.09330314640461,6
63,1.09111155406524,6
70,1.09041784605603,6
77,1.08803514657267,6
84,1.08746490208896,6
91,1.08652078431033,6
98,1.08316417774994,6
105,1.08260155237227,6
112,1.08188853606359,6
119,1.08009847730698,6
126,1.07898557293669,6
133,1.07709800740664,6
140,1.07604329489374,6
147,1.0745221613823,6
154,1.07378389103083,6
161,1.07192721042165,6
168,1.07056880133104,6
175,1.06879406151694,6
182,1.06735619688796,6
189,1.06598372090609,6
196,1.06499722607119,6
203,1.06318950775959,6
210,1.06214488742845,6
217,1.06163770039932,6
224,1.05963556235172,6
231,1.05763698823392,6
238,1.05700060696108,6
245,1.05479596231349,6
252,1.05258093773241,6
259,1.05169595684454,6
266,1.04986460403949,6
273,1.04922424325798,6
280,1.0480092091896,6
287,1.04743821865614,6
294,1.04536346368688,6
301,1.0436904497356,6
308,1.04281470279059,6
315,1.0398944323455,6
322,1.03971780727905,6
329,1.03858543259694,6
336,1.03606070687711,6
343,1.0359718770216,6
350,1.03416924820375,6
357,1.03239235604305,6
364,1.03151639093305,6
0,1.1035353464289,6.5
7,1.10109093312753,6.5
14,1.09972411029315,6.5
21,1.09797031955023,6.5
28,1.09637507781527,6.5
35,1.09581516790827,6.5
42,1.09357195808705,6.5
49,1.09263578311861,6.5
56,1.09096117127662,6.5
63,1.09003948991287,6.5
70,1.08856683105264,6.5
77,1.08751876997213,6.5
84,1.08534499180057,6.5
91,1.08406506253235,6.5
98,1.08231061814211,6.5
105,1.08117785336996,6.5
112,1.08018865024652,6.5
119,1.07897849430832,6.5
126,1.07673891733791,6.5
133,1.07623480296005,6.5
140,1.0750778189294,6.5
147,1.07320671745161,6.5
154,1.07253839790628,6.5
161,1.06981310540045,6.5
168,1.06817767264834,6.5
175,1.06651063987555,6.5
182,1.06674802215575,6.5
189,1.06492718282818,6.5
196,1.06317220766455,6.5
203,1.06193998431316,6.5
210,1.05983725547635,6.5
217,1.06022287598981,6.5
224,1.05766461059099,6.5
231,1.0562546973973,6.5
238,1.05516288331195,6.5
245,1.05364050461587,6.5
252,1.05211194201214,6.5
259,1.05020476277228,6.5
266,1.04943573417857,6.5
273,1.04874101224824,6.5
280,1.04707271002308,6.5
287,1.04579659331332,6.5
294,1.04334439216178,6.5
301,1.04170519758987,6.5
308,1.04073710653995,6.5
315,1.03942786245614,6.5
322,1.03854709575924,6.5
329,1.03575376768514,6.5
336,1.03596477515973,6.5
343,1.03372099605071,6.5
350,1.03218655946503,6.5
357,1.03049394781237,6.5
364,1.02877257166407,6.5
0,1.10121158529198,7
7,1.09943665898359,7
14,1.09735501955013,7
21,1.09595246061397,7
28,1.09503210765036,7
35,1.09463451076265,7
42,1.09227020432432,7
49,1.09024842852344,7
56,1.08947712846796,7
63,1.08806363821513,7
70,1.08545155667853,7
77,1.08537285256674,7
84,1.0838845327349,7
91,1.08294810318241,7
98,1.08212447804747,7
105,1.08036328251477,7
112,1.07826555565472,7
119,1.07644673704563,7
126,1.07688667990163,7
133,1.07422960921701,7
140,1.07280696464596,7
147,1.07138793745645,7
154,1.07009904238038,7
161,1.06852781979404,7
168,1.06691316899656,7
175,1.06552657052938,7
182,1.06438362336489,7
189,1.06272828761443,7
196,1.06124357710866,7
203,1.06025321511385,7
210,1.05867251139129,7
217,1.05815199649429,7
224,1.0546745150958,7
231,1.05514575342596,7
238,1.05382304259625,7
245,1.0507633048838,7
252,1.05022865620296,7
259,1.048814279567,7
266,1.04689624415264,7
273,1.04581109165621,7
280,1.04424471207727,7
287,1.04427613522171,7
294,1.04246783919657,7
301,1.0412357775475,7
308,1.03956083603202,7
315,1.03723547411439,7
322,1.03613773986686,7
329,1.03524468728061,7
336,1.03298893609555,7
343,1.03255649921509,7
350,1.03067983730092,7
357,1.02921258959623,7
364,1.0283554799841,7
0,1.09942213165574,7.5
7,1.09761951691709,7.5
14,1.09697966490168,7.5
21,1.0944594683362,7.5
28,1.09390796780347,7.5
35,1.09249655062899,7.5
42,1.09064522678034,7.5
49,1.08956306651112,7.5
56,1.08737444321181,7.5
63,1.0870620135096,7.5
70,1.08510754893178,7.5
77,1.08353863848974,7.5
84,1.08292450461292,7.5
91,1.08064782815473,7.5
98,1.07889576935182,7.5
105,1.07742168541324,7.5
112,1.07710300497567,7.5
119,1.07475978532375,7.5
126,1.07487739709099,7.5
133,1.07155903529606,7.5
140,1.07204822818415,7.5
147,1.0699055087336,7.5
154,1.06835164344407,7.5
161,1.0667275404566,7.5
168,1.06579956805718,7.5
175,1.06418118264879,7.5
182,1.06335165094101,7.5
189,1.06145711382433,7.5
196,1.06007515088073,7.5
203,1.05841819389389,7.5
210,1.05717152718814,7.5
217,1.05595390088445,7.5
224,1.05354491580367,7.5
231,1.05232590728895,7.5
238,1.05197163204701,7.5
245,1.05028543271906,7.5
252,1.04870800833182,7.5
259,1.04740921696653,7.5
266,1.04617379085268,7.5
273,1.04433012015985,7.5
280,1.0428108476373,7.5
287,1.04189792262755,7.5
294,1.03991081361119,7.5
301,1.03920412637786,7.5
308,1.03674870819788,7.5
315,1.03671457781866,7.5
322,1.03503629874121,7.5
329,1.03352801486716,7.5
336,1.03249134549197,7.5
343,1.03143273722223,7.5
350,1.02970718503251,7.5
357,1.02687956288433,7.5
364,1.02576021151663,7.5
0,1.09728759071115,8
7,1.09621304552511,8
14,1.09505882951024,8
21,1.09303712809342,8
28,1.09209338338224,8
35,1.09022230853382,8
42,1.0888942410985,8
49,1.08709666945158,8
56,1.08593838337694,8
63,1.08432415769719,8
70,1.08311206337351,8
77,1.0827268208983,8
84,1.08032530055558,8
91,1.08071619103242,8
98,1.07824665895044,8
105,1.07669241806185,8
112,1.07477082110991,8
119,1.07415015493971,8
126,1.07211218108688,8
133,1.07106100490732,8
140,1.07088004226913,8
147,1.06815197005014,8
154,1.06737463666314,8
161,1.06504841178744,8
168,1.06398250575475,8
175,1.06348540031782,8
182,1.06088651647111,8
189,1.060706224279,8
196,1.05875387596773,8
203,1.05671876661205,8
210,1.05591620386953,8
217,1.05468627722481,8
224,1.05311090498111,8
231,1.05061488764006,8
238,1.04963643141209,8
245,1.04847624068222,8
252,1.04716278328545,8
259,1.04611033604878,8
266,1.04448885050047,8
273,1.04233232782065,8
280,1.0417900989255,8
287,1.04050529287264,8
294,1.03907989522397,8
301,1.03794039036278,8
308,1.03641696107727,8
315,1.03482959003961,8
322,1.03316491714427,8
329,1.03096951953324,8
336,1.03061480910957,8
343,1.02910384384358,8
350,1.0277357894186,8
357,1.02556162571209,8
364,1.0242594717298,8
0,1.09652657642667,8.5
7,1.09458022242307,8.5
14,1.09354075034869,8.5
21,1.09181415918807,8.5
28,1.09041487806975,8.5
35,1.08946914190299,8.5
42,1.08734197763589,8.5
49,1.08624806038847,8.5
56,1.08456886235565,8.5
63,1.08318275188628,8.5
70,1.08184541393827,8.5
77,1.08071106688582,8.5
84,1.07896062568917,8.5
91,1.07842787806279,8.5
98,1.07595269634889,8.5
105,1.07490656417792,8.5
112,1.07338013447086,8.5
119,1.07292348894218,8.5
126,1.07089827738826,8.5
133,1.06991592226974,8.5
140,1.06725721981348,8.5
147,1.06673352513294,8.5
154,1.06564481539781,8.5
161,1.06384114199464,8.5
168,1.06293274018753,8.5
175,1.06074135577495,8.5
182,1.06030467372009,8.5
189,1.05934944906181,8.5
196,1.05661858071978,8.5
203,1.0551772487393,8.5
210,1.05472669223856,8.5
217,1.05338978607287,8.5
224,1.05093856998642,8.5
231,1.04958990659145,8.5
238,1.04825910769557,8.5
245,1.04632777474448,8.5
252,1.04514067402676,8.5
259,1.04369792961662,8.5
266,1.04241610121745,8.5
273,1.04138265755631,8.5
280,1.04011710736627,8.5
287,1.03937525024641,8.5
294,1.03670082297963,8.5
301,1.03629216119924,8.5
308,1.03429300557789,8.5
315,1.03297526814517,8.5
322,1.03193740974608,8.5
329,1.02963863898922,8.5
336,1.02899120487309,8.5
343,1.02748322610411,8.5
350,1.026246225632,8.5
357,1.02474458432195,8.5
364,1.02442765006996,8.5
0,1.09408113000787,9
7,1.0927345015225,9
14,1.09128842973679,9
21,1.08992226144042,9
28,1.08848130643635,9
35,1.08799450826555,9
42,1.086710252124,9
49,1.08431462685313,9
56,1.08278382221345,9
63,1.08203570777819,9
70,1.08012388847786,9
77,1.07931646590888,9
84,1.07770146151043,9
91,1.0754421279425,9
98,1.07557375260067,9
105,1.07429793883655,9
112,1.07169360565476,9
119,1.07040614922003,9
126,1.06934293269536,9
133,1.06796722839499,9
140,1.06672927213634,9
147,1.06600510226938,9
154,1.06351152638625,9
161,1.06180085137773,9
168,1.06011034038599,9
175,1.05903453498003,9
182,1.05798343651356,9
189,1.05749727893176,9
196,1.05494119435048,9
203,1.05391189397582,9
210,1.05239178855196,9
217,1.05159419663672,9
224,1.05086346621294,9
231,1.04793456561354,9
238,1.04655528027874,9
245,1.04592208043854,9
252,1.04434094574481,9
259,1.04352335366287,9
266,1.04149196409266,9
273,1.03962035395461,9
280,1.03869532741535,9
287,1.03755435179029,9
294,1.0360102410906,9
301,1.03445363701555,9
308,1.0333333373448,9
315,1.03198464779522,9
322,1.03069107949552,9
329,1.0289243549438,9
336,1.02711644095984,9
343,1.02587335684322,9
350,1.02500325448325,9
357,1.02259153216451,9
364,1.02178433665444,9
0,1.09260333059384,9.5
7,1.09141437241147,9.5
14,1.0906392259313,9.5
21,1.08869554953401,9.5
28,1.08722321827408,9.5
35,1.08512007192951,9.5
42,1.08477312678301,9.5
49,1.08332274209057,9.5
56,1.08268162736165,9.5
63,1.08004611088252,9.5
70,1.07890957516383,9.5
77,1.07752469184186,9.5
84,1.07678872663988,9.5
91,1.07455235223381,9.5
98,1.07333951076289,9.5
105,1.07210394825486,9.5
112,1.07049330456158,9.5
119,1.06877678319273,9.5
126,1.06769704499645,9.5
133,1.06673681587493,9.5
140,1.06428674235029,9.5
147,1.06346648483707,9.5
154,1.06164993959253,9.5
161,1.06119752331446,9.5
168,1.05843840654761,9.5
175,1.05752053907636,9.5
182,1.05658860593753,9.5
189,1.05578276201462,9.5
196,1.05356712486946,9.5
203,1.05192240023665,9.5
210,1.05174057853472,9.5
217,1.04867599304979,9.5
224,1.04690059702169,9.5
231,1.04682000722503,9.5
238,1.04494897288782,9.5
245,1.04328938359144,9.5
252,1.04275417822365,9.5
259,1.04112190035689,9.5
266,1.03931796068463,9.5
273,1.03755984780067,9.5
280,1.03723622866414,9.5
287,1.03572510058898,9.5
294,1.03395041206811,9.5
301,1.03352331849802,9.5
308,1.03066495761684,9.5
315,1.02903723741454,9.5
322,1.02805404596506,9.5
329,1.02697720699182,9.5
336,1.02572166972466,9.5
343,1.02407938197107,9.5
350,1.02297602769826,9.5
357,1.02077423028791,9.5
364,1.02072188230204,9.5
0,1.0911589244108,10
7,1.09035864791579,10
14,1.08857136267319,10
21,1.08722837660958,10
28,1.08588488364012,10
35,1.08442385428001,10
42,1.08312136137993,10
49,1.08206457626507,10
56,1.08009826058485,10
63,1.07895450187879,10
70,1.07715513215286,10
77,1.07652005860773,10
84,1.07406180384897,10
91,1.07390047021646,10
98,1.07157992102468,10
105,1.06948461244894,10
112,1.06886405220746,10
119,1.06705947417126,10
126,1.0664203217745,10
133,1.06427368801035,10
140,1.06297690828339,10
147,1.06085522963453,10
154,1.06017384684038,10
161,1.05778806033669,10
168,1.05680804858826,10
175,1.05658020732807,10
182,1.05519290007933,10
189,1.05361272878089,10
196,1.05151651192844,10
203,1.05057614432193,10
210,1.04919819873046,10
217,1.0472208176554,10
224,1.04715169915088,10
231,1.04543868114529,10
238,1.04348951791309,10
245,1.0422134429195,10
252,1.04090419140397,10
259,1.03837913256579,10
266,1.03787641130874,10
273,1.036259007876,10
280,1.03469918999505,10
287,1.03365944985356,10
294,1.03329884326343,10
301,1.03132042143063,10
308,1.02931441050511,10
315,1.02848629139068,10
322,1.02749967771829,10
329,1.02586231684146,10
336,1.02402981518496,10
343,1.02227653161115,10
350,1.02154911165681,10
357,1.01999674269271,10
364,1.01884759661001,10
0,1.08991758590084,10.5
7,1.08872477635766,10.5
14,1.08653238239422,10.5
21,1.08605869703282,10.5
28,1.08409879980235,10.5
35,1.08363763043631,10.5
42,1.08085540609096,10.5
49,1.08066798190158,10.5
56,1.07849895539173,10.5
63,1.07667429099819,10.5
70,1.07535805708297,10.5
77,1.0740398263459,10.5
84,1.0730120829732,10.5
91,1.07166141774402,10.5
98,1.06971314999803,10.5
105,1.06858782270387,10.5
112,1.06827113517931,10.5
119,1.06666377158505,10.5
126,1.06461816183484,10.5
133,1.06301900173908,10.5
140,1.06166001566336,10.5
147,1.06050675898637,10.5
154,1.0582886037174,10.5
161,1.05727131173129,10.5
168,1.05516570796306,10.5
175,1.0547996115613,10.5
182,1.05352359796985,10.5
189,1.05155840676885,10.5
196,1.05118699338165,10.5
203,1.0483871171685,10.5
210,1.0468678125599,10.5
217,1.04631222590928,10.5
224,1.04532354915131,10.5
231,1.04424196384573,10.5
238,1.04177055786857,10.5
245,1.04113934041672,10.5
252,1.03918074576525,10.5
259,1.03771368635003,10.5
266,1.03684182996874,10.5
273,1.03532616143921,10.5
280,1.03281180392151,10.5
287,1.03293827017486,10.5
294,1.03149004567707,10.5
301,1.02908721864925,10.5
308,1.02819790176672,10.5
315,1.02684701509314,10.5
322,1.02533033688291,10.5
329,1.02352484742308,10.5
336,1.02206418831603,10.5
343,1.02098722296451,10.5
350,1.02018636450963,10.5
357,1.0184718000773,10.5
364,1.01661469283396,10.5
0,1.08838584935532,11
7,1.08517572868969,11
14,1.08577438285019,11
21,1.08293014311061,11
28,1.0822187795293,11
35,1.08044016505269,11
42,1.07895265926214,11
49,1.07878041339369,11
56,1.07656614939934,11
63,1.07557325194087,11
70,1.07397653971056,11
77,1.07283852041361,11
84,1.07123841094553,11
91,1.06915850388791,11
98,1.06889813340972,11
105,1.06675312170842,11
112,1.06482170905067,11
119,1.06398594241952,11
126,1.06355037989532,11
133,1.06182511087106,11
140,1.0598256739328,11
147,1.05842537114784,11
154,1.05703918247439,11
161,1.05683837399178,11
168,1.05459096772612,11
175,1.0532150208236,11
182,1.05211514172702,11
189,1.05031939457951,11
196,1.04867047892709,11
203,1.04730182507546,11
210,1.04596419937029,11
217,1.04458138888175,11
224,1.04356381477182,11
231,1.0418259729429,11
238,1.04076632003861,11
245,1.03895964170995,11
252,1.03763931759516,11
259,1.03520089965773,11
266,1.03525816383735,11
273,1.03357324423795,11
280,1.03249900505493,11
287,1.0291518723109,11
294,1.03024418735239,11
301,1.02773020518592,11
308,1.02695409140837,11
315,1.02448004703644,11
322,1.02390638695253,11
329,1.02167329221841,11
336,1.02048811551965,11
343,1.02035701567693,11
350,1.01790465879962,11
357,1.01670871643659,11
364,1.01563503386534,11
0,1.08664784094399,11.5
7,1.08507520945257,11.5
14,1.08378248050123,11.5
21,1.08340170779262,11.5
28,1.08077119060148,11.5
35,1.07950054952336,11.5
42,1.078525327198,11.5
49,1.07715276296648,11.5
56,1.07579351515278,11.5
63,1.07411936511102,11.5
70,1.07182849754364,11.5
77,1.07181671576615,11.5
84,1.06902682730349,11.5
91,1.06835131773262,11.5
98,1.06642286207499,11.5
105,1.0653679308267,11.5
112,1.06416438120515,11.5
119,1.06276067860773,11.5
126,1.06141096037712,11.5
133,1.06060685563453,11.5
140,1.05862676715076,11.5
147,1.05687792168236,11.5
154,1.05608204358414,11.5
161,1.05479473524446,11.5
168,1.05218619609243,11.5
175,1.05169870003493,11.5
182,1.05035058637116,11.5
189,1.04845121824832,11.5
196,1.04788785340666,11.5
203,1.04572497220648,11.5
210,1.04446278822674,11.5
217,1.04291346408786,11.5
224,1.04160778952379,11.5
231,1.03965186245655,11.5
238,1.0380799745587,11.5
245,1.03819725253161,11.5
252,1.03557651932584,11.5
259,1.03410430382527,11.5
266,1.0321233049432,11.5
273,1.03148051912616,11.5
280,1.0297384551033,11.5
287,1.02982100758007,11.5
294,1.02810490854467,11.5
301,1.02585592482741,11.5
308,1.02592621790267,11.5
315,1.0238908827435,11.5
322,1.02183758430825,11.5
329,1.01935029714256,11.5
336,1.0203454712863,11.5
343,1.01710521376662,11.5
350,1.01557730062652,11.5
357,1.01551128521601,11.5
364,1.01481987620317,11.5
0,1.08549213640926,12
7,1.08368195456003,12
14,1.08229737717083,12
21,1.08102670777939,12
28,1.07957946429489,12
35,1.07794059571199,12
42,1.07645210055198,12
49,1.07496870343605,12
56,1.07322301770557,12
63,1.07205966246157,12
70,1.0699535215929,12
77,1.0693508301866,12
84,1.06750570444643,12
91,1.06604820534139,12
98,1.06528994707558,12
105,1.06449600114317,12
112,1.062859158303,12
119,1.06021474969819,12
126,1.05910518593172,12
133,1.05867038559399,12
140,1.05630875630323,12
147,1.055287683425,12
154,1.05427502604951,12
161,1.05211582777257,12
168,1.05125268775307,12
175,1.04913298725254,12
182,1.04809931617803,12
189,1.04715989096707,12
196,1.04480350313324,12
203,1.04442023736898,12
210,1.04279018110054,12
217,1.04167624497721,12
224,1.04011195706703,12
231,1.03928207021499,12
238,1.03726261225132,12
245,1.03558529722944,12
252,1.03446114875152,12
259,1.03327164901452,12
266,1.03162443003516,12
273,1.0302202958456,12
280,1.0284490041561,12
287,1.02706854954123,12
294,1.0252986973641,12
301,1.02547478837159,12
308,1.0225780683823,12
315,1.0214535474011,12
322,1.02004079636722,12
329,1.01944746218847,12
336,1.01745252516085,12
343,1.01682387103634,12
350,1.01446325468788,12
357,1.01353949708111,12
364,1.01158232647337,12
0,1.08427257456389,12.5
7,1.08120620079049,12.5
14,1.08055491035511,12.5
21,1.07931688844047,12.5
28,1.07780689954873,12.5
35,1.07610735617056,12.5
42,1.07473508965013,12.5
49,1.07342190573599,12.5
56,1.07192649899919,12.5
63,1.0710819395584,12.5
70,1.0703052615008,12.5
77,1.0675212541075,12.5
84,1.06571509851021,12.5
91,1.06495585897583,12.5
98,1.06488985466883,12.5
105,1.06179816271602,12.5
112,1.06161955840272,12.5
119,1.06023885040704,12.5
126,1.05772320587915,12.5
133,1.05688449153959,12.5
140,1.05601419831157,12.5
147,1.05361043612951,12.5
154,1.05229820981995,12.5
161,1.05070915954303,12.5
168,1.04909262163465,12.5
175,1.04787536122747,12.5
182,1.04618802986662,12.5
189,1.04541704173413,12.5
196,1.04361501338447,12.5
203,1.0427168929559,12.5
210,1.0404220521769,12.5
217,1.03996544011611,12.5
224,1.03881676448081,12.5
231,1.03600313217871,12.5
238,1.03578702828492,12.5
245,1.03481383449624,12.5
252,1.03219517949066,12.5
259,1.03223628619342,12.5
266,1.03020950950468,12.5
273,1.02824749407212,12.5
280,1.02717211546117,12.5
287,1.02607916345626,12.5
294,1.02443800269571,12.5
301,1.02326937799622,12.5
308,1.02113966320346,12.5
315,1.02028468041202,12.5
322,1.01809314275155,12.5
329,1.01734438696933,12.5
336,1.01554804617927,12.5
343,1.01423223502871,12.5
350,1.01381804658761,12.5
357,1.0123456550603,12.5
364,1.01070456906045,12.5
0,1.08105384361766,13
7,1.08004179577515,13
14,1.07940654884999,13
21,1.07747085845682,13
28,1.07715966476999,13
35,1.0747966589197,13
42,1.07329602455825,13
49,1.0716454417679,13
56,1.07046677045239,13
63,1.06892376508181,13
70,1.06795405433834,13
77,1.0666783511584,13
84,1.06440700526975,13
91,1.06273438352322,13
98,1.06108189731345,13
105,1.06085399566346,13
112,1.05864831669691,13
119,1.05672355470352,13
126,1.05659428930227,13
133,1.05624649975872,13
140,1.05359696454423,13
147,1.05261924538723,13
154,1.05084091467927,13
161,1.04935055517341,13
168,1.04845953824149,13
175,1.04645486272791,13
182,1.04533369615704,13
189,1.0439608489031,13
196,1.04206595477318,13
203,1.04149602117477,13
210,1.03951252012165,13
217,1.03782212742025,13
224,1.03706825492179,13
231,1.03495076600911,13
238,1.03401409057869,13
245,1.03259544050168,13
252,1.03174294778292,13
259,1.03003734911644,13
266,1.02838748652063,13
273,1.0274088831496,13
280,1.02629510377451,13
287,1.02447890515318,13
294,1.02280517630992,13
301,1.02074408188383,13
308,1.01946744316846,13
315,1.01844738764782,13
322,1.01689524389892,13
329,1.01570651434851,13
336,1.01442832496245,13
343,1.01326484637718,13
350,1.01156475061097,13
357,1.01044325082191,13
364,1.00883223720741,13
0,1.07901226671682,13.5
7,1.07813033230309,13.5
14,1.07712795622214,13.5
21,1.07519515262858,13.5
28,1.074699964365,13.5
35,1.07376537541617,13.5
42,1.07220938092585,13.5
49,1.07009327856454,13.5
56,1.06954536306843,13.5
63,1.0674743337286,13.5
70,1.06583145701444,13.5
77,1.06429329866823,13.5
84,1.06304876515676,13.5
91,1.06160591159073,13.5
98,1.06048520811119,13.5
105,1.05908028699053,13.5
112,1.05760152301008,13.5
119,1.05641846908487,13.5
126,1.05539532313739,13.5
133,1.05387477706772,13.5
140,1.05125755101578,13.5
147,1.04932303943255,13.5
154,1.04966715995562,13.5
161,1.04711656065079,13.5
168,1.04628761729905,13.5
175,1.04441494348697,13.5
182,1.04269900978121,13.5
189,1.0424707313641,13.5
196,1.04117957758015,13.5
203,1.03911174479964,13.5
210,1.03670447885393,13.5
217,1.03632687777587,13.5
224,1.0353959020027,13.5
231,1.03306054421561,13.5
238,1.03249167995989,13.5
245,1.03099234507541,13.5
252,1.0298896457498,13.5
259,1.02825979018421,13.5
266,1.02631346552956,13.5
273,1.02599828575083,13.5
280,1.02392073521349,13.5
287,1.02258634773025,13.5
294,1.02073336602046,13.5
301,1.0195783588744,13.5
308,1.01795759864299,13.5
315,1.01691352697004,13.5
322,1.01645585424007,13.5
329,1.01351404942853,13.5
336,1.01199321930106,13.5
343,1.01213558516375,13.5
350,1.00989533816142,13.5
357,1.00826546363067,13.5
364,1.0077199523437,13.5
0,1.07809719223013,14
7,1.07791300485677,14
14,1.07593896293567,14
21,1.07395604429593,14
28,1.07387865410663,14
35,1.0710971425385,14
42,1.07037104768601,14
49,1.0687496462902,14
56,1.0678508706447,14
63,1.06658075559836,14
70,1.06441600207453,14
77,1.06262329106483,14
84,1.06182998607147,14
91,1.05986114231512,14
98,1.05980669362376,14
105,1.05746826766554,14
112,1.05581733922434,14
119,1.05469234015293,14
126,1.05252643685524,14
133,1.05131419298075,14
140,1.05100020695397,14
147,1.04867155286051,14
154,1.04707654450866,14
161,1.04646832637626,14
168,1.04539285207733,14
175,1.04375947665533,14
182,1.0424980238429,14
189,1.04022160245572,14
196,1.03848909466663,14
203,1.03855066682598,14
210,1.03623866008058,14
217,1.03487458349177,14
224,1.03426409707093,14
231,1.0324781150047,14
238,1.03102794388604,14
245,1.03048250117245,14
252,1.02767824088481,14
259,1.02706392006404,14
266,1.02522850656245,14
273,1.02393429613943,14
280,1.02316423421321,14
287,1.02125391787815,14
294,1.01986914803953,14
301,1.01873625366866,14
308,1.01661752363523,14
315,1.01498039516633,14
322,1.01347759540299,14
329,1.01161682170531,14
336,1.01222810356497,14
343,1.00924839581714,14
350,1.00828937318821,14
357,1.00686159335006,14
364,1.00575370334891,14
0,1.07720786860627,14.5
7,1.07583023674418,14.5
14,1.07370846128072,14.5
21,1.07251643914311,14.5
28,1.07134128997524,14.5
35,1.06967565443691,14.5
42,1.06920367278801,14.5
49,1.06724548747582,14.5
56,1.06596743889303,14.5
63,1.06453144063433,14.5
70,1.06338673692874,14.5
77,1.06149051077935,14.5
84,1.05935158402602,14.5
91,1.05879984397588,14.5
98,1.0568743215531,14.5
105,1.05553569165913,14.5
112,1.05469318200938,14.5
119,1.05361914153572,14.5
126,1.05161063578837,14.5
133,1.0503544165063,14.5
140,1.04965110747232,14.5
147,1.04752037658974,14.5
154,1.04730084155709,14.5
161,1.04488275482282,14.5
168,1.04231961862042,14.5
175,1.04217667081055,14.5
182,1.04059057919244,14.5
189,1.03964487637704,14.5
196,1.03793659067564,14.5
203,1.03613077200801,14.5
210,1.03418785088186,14.5
217,1.03329548837136,14.5
224,1.0315747397729,14.5
231,1.0303097382751,14.5
238,1.02949428920221,14.5
245,1.02863495225218,14.5
252,1.02659733576491,14.5
259,1.02440205846898,14.5
266,1.02382230133411,14.5
273,1.02279831574332,14.5
280,1.02049510854784,14.5
287,1.01933299141666,14.5
294,1.01800734409737,14.5
301,1.01620755084346,14.5
308,1.01552414021692,14.5
315,1.0137395259257,14.5
322,1.01260976622195,14.5
329,1.0105562539111,14.5
336,1.00938127084984,14.5
343,1.00856119067891,14.5
350,1.00661358342395,14.5
357,1.00626348192562,14.5
364,1.00380018190719,14.5
0,1.07531234236288,15
7,1.07426629541594,15
14,1.07169081713353,15
21,1.07011959559401,15
28,1.06883717184272,15
35,1.06883129205171,15
42,1.06652407092705,15
49,1.06667909964283,15
56,1.06371787620067,15
63,1.0626922756516,15
70,1.06197105497628,15
77,1.06080304644408,15
84,1.05943075178832,15
91,1.0576041831153,15
98,1.05611203126291,15
105,1.0544962634746,15
112,1.05318918053808,15
119,1.05112440714184,15
126,1.04959090055829,15
133,1.0485983127713,15
140,1.04711490768874,15
147,1.04557338597534,15
154,1.04474819372373,15
161,1.04347765260429,15
168,1.04164420344315,15
175,1.04093876504053,15
182,1.03822915544293,15
189,1.03730317027036,15
196,1.0356415888397,15
203,1.03366673169146,15
210,1.03315865965708,15
217,1.03173912624581,15
224,1.03115672487162,15
231,1.02931540584228,15
238,1.02708790658784,15
245,1.02712704628317,15
252,1.02541051684776,15
259,1.02369104885173,15
266,1.02188675795058,15
273,1.02012028038164,15
280,1.01901389661197,15
287,1.01834437430985,15
294,1.01734229315297,15
301,1.01577162176414,15
308,1.01335557528911,15
315,1.01164019128336,15
322,1.01087044312346,15
329,1.00851578031722,15
336,1.00816158385709,15
343,1.00652619870685,15
350,1.00496698174907,15
357,1.00300264846637,15
364,1.00265680005329,15
0,1.07333364958017,15.5
7,1.07161504158215,15.5
14,1.06936386889336,15.5
21,1.06938624254748,15.5
28,1.06888612579834,15.5
35,1.06743062960727,15.5
42,1.06497145187171,15.5
49,1.06349889396982,15.5
56,1.06263438712804,15.5
63,1.06050080728041,15.5
70,1.05975089594991,15.5
77,1.05858304013919,15.5
84,1.05741346661194,15.5
91,1.05534992296176,15.5
98,1.05389816312491,15.5
105,1.05216100870662,15.5
112,1.05078655982298,15.5
119,1.04968676055405,15.5
126,1.04858368275341,15.5
133,1.04745679231312,15.5
140,1.04519841052466,15.5
147,1.04494634428448,15.5
154,1.04266443819948,15.5
161,1.04138931635283,15.5
168,1.03962639416043,15.5
175,1.03738787986986,15.5
182,1.03764202269818,15.5
189,1.03616842194855,15.5
196,1.03425933622144,15.5
203,1.03303349535861,15.5
210,1.03185796960885,15.5
217,1.02941872707156,15.5
224,1.02853547366133,15.5
231,1.02779713233981,15.5
238,1.02537285528842,15.5
245,1.02474677896608,15.5
252,1.02252170909769,15.5
259,1.02203321499122,15.5
266,1.02038217925885,15.5
273,1.01819243409205,15.5
280,1.01818236967723,15.5
287,1.0158327042116,15.5
294,1.01439487378149,15.5
301,1.01350028459862,15.5
308,1.01257431867471,15.5
315,1.01009208909051,15.5
322,1.00923083992492,15.5
329,1.00801440825017,15.5
336,1.00674655280363,15.5
343,1.00508822077764,15.5
350,1.00341648608046,15.5
357,1.00178620488968,15.5
364,1.00084307194152,15.5
0,1.07146393049401,16
7,1.06913932475825,16
14,1.06941827990208,16
21,1.06825196742054,16
28,1.06521853378223,16
35,1.06449513464765,16
42,1.0639095771305,16
49,1.06322874773486,16
56,1.06081039685384,16
63,1.05903599852939,16
70,1.05790855177945,16
77,1.05728743820957,16
84,1.05487701791044,16
91,1.05340040399668,16
98,1.05215862823891,16
105,1.05052333569587,16
112,1.049661335158,16
119,1.04901233922924,16
126,1.04696153963656,16
133,1.04527382324894,16
140,1.04385409436554,16
147,1.04181840459565,16
154,1.04164155488857,16
161,1.03976108140149,16
168,1.03830976004321,16
175,1.03859655378392,16
182,1.03574937645418,16
189,1.03382410447495,16
196,1.0325868212019,16
203,1.0319742228546,16
210,1.03005663520527,16
217,1.02788086101084,16
224,1.02765961446729,16
231,1.02546592795723,16
238,1.02533664888811,16
245,1.02354002403286,16
252,1.02137633905217,16
259,1.02084050818087,16
266,1.01883392775526,16
273,1.01782638683756,16
280,1.01624236640865,16
287,1.0141768216725,16
294,1.01287822508384,16
301,1.01231498040879,16
308,1.01023261233395,16
315,1.00879817576838,16
322,1.00712243871033,16
329,1.0064117995328,16
336,1.00583126245962,16
343,1.00286623354287,16
350,1.00201210972834,16
357,1.00130611027771,16
364,0.999160179304377,16
0,1.07062618589813,16.5
7,1.06846880323593,16.5
14,1.0678141535486,16.5
21,1.0661064278675,16.5
28,1.06529286499784,16.5
35,1.06399369302578,16.5
42,1.06329478182101,16.5
49,1.06088981658661,16.5
56,1.05936289815829,16.5
63,1.05789719215079,16.5
70,1.0562234168536,16.5
77,1.05516924192173,16.5
84,1.05345229929493,16.5
91,1.05228423048814,16.5
98,1.0514587987678,16.5
105,1.04889672871736,16.5
112,1.04856993928057,16.5
119,1.04725855753367,16.5
126,1.04514096573651,16.5
133,1.0427390725505,16.5
140,1.04209608900645,16.5
147,1.04164849727328,16.5
154,1.03958856596885,16.5
161,1.03770034888385,16.5
168,1.03654761253939,16.5
175,1.03582031001325,16.5
182,1.0342733667841,16.5
189,1.03248053395042,16.5
196,1.03101658779409,16.5
203,1.02960412092548,16.5
210,1.02793879490775,16.5
217,1.02780768784474,16.5
224,1.02543883976539,16.5
231,1.02480857926041,16.5
238,1.02356065802596,16.5
245,1.02189915544907,16.5
252,1.01978418984364,16.5
259,1.01880186504517,16.5
266,1.01718790219681,16.5
273,1.01534814906964,16.5
280,1.01456217964086,16.5
287,1.01241048010442,16.5
294,1.01219383969423,16.5
301,1.00996769135135,16.5
308,1.00890057982794,16.5
315,1.00754164393577,16.5
322,1.00587054751315,16.5
329,1.00489334690074,16.5
336,1.00296254817169,16.5
343,1.00223564864873,16.5
350,0.999727010159877,16.5
357,0.999063189789773,16.5
364,0.998569464499529,16.5
0,1.0682998343377,17
7,1.06706112751474,17
14,1.06625695392483,17
21,1.06468979089097,17
28,1.06337531504964,17
35,1.06204459356507,17
42,1.06071736073428,17
49,1.05955484992098,17
56,1.05780490932846,17
63,1.05607937117269,17
70,1.0551362868506,17
77,1.05434994096745,17
84,1.05193368312681,17
91,1.05011273534767,17
98,1.04975354033464,17
105,1.04773980941802,17
112,1.04531366522699,17
119,1.04542371083858,17
126,1.04333233590702,17
133,1.04215473335885,17
140,1.04096599016529,17
147,1.03949524983989,17
154,1.03835472590857,17
161,1.03638225681472,17
168,1.03545655289909,17
175,1.03367022666121,17
182,1.03276940524044,17
189,1.03130768374201,17
196,1.02913228064898,17
203,1.02874299105809,17
210,1.02653201827744,17
217,1.02580402889914,17
224,1.0241836436567,17
231,1.0235190918384,17
238,1.02108826700881,17
245,1.01962534160194,17
252,1.01839029019706,17
259,1.01684841010858,17
266,1.01599997095097,17
273,1.01339184469578,17
280,1.01227315879043,17
287,1.01086609853921,17
294,1.01047515379599,17
301,1.00945530668629,17
308,1.00714777539073,17
315,1.00571558913841,17
322,1.00443502608156,17
329,1.0035809391513,17
336,1.00113632343291,17
343,1.00031918449137,17
350,0.999287598814891,17
357,0.99765054708497,17
364,0.996094790808299,17
0,1.06770052304628,17.5
7,1.0644483838535,17.5
14,1.06473893765977,17.5
21,1.06267296215844,17.5
28,1.06068468355157,17.5
35,1.06045560129976,17.5
42,1.05948682927258,17.5
49,1.05733127574269,17.5
56,1.0564764372736,17.5
63,1.055406139129,17.5
70,1.05385745722679,17.5
77,1.05261998226469,17.5
84,1.05077106374554,17.5
91,1.04903771681945,17.5
98,1.04679901709405,17.5
105,1.04607696875594,17.5
112,1.04437837670234,17.5
119,1.04448547135875,17.5
126,1.04191205709378,17.5
133,1.04066160240339,17.5
140,1.03947574268802,17.5
147,1.03782180122319,17.5
154,1.03724752552022,17.5
161,1.03468867531913,17.5
168,1.03369730372762,17.5
175,1.03182876470715,17.5
182,1.03013998874439,17.5
189,1.02909411545455,17.5
196,1.02798148160148,17.5
203,1.02638534888774,17.5
210,1.02485378951006,17.5
217,1.02309684126816,17.5
224,1.02235844721369,17.5
231,1.02024763981299,17.5
238,1.01998002798185,17.5
245,1.01824121987647,17.5
252,1.01607122425027,17.5
259,1.01524539546148,17.5
266,1.01362392179721,17.5
273,1.01275958725521,17.5
280,1.01187022522301,17.5
287,1.00886241376518,17.5
294,1.00845751303957,17.5
301,1.00691993360222,17.5
308,1.00593567003823,17.5
315,1.00430659831412,17.5
322,1.00242401533413,17.5
329,1.00124047303217,17.5
336,0.999601987071599,17.5
343,0.9991380035693,17.5
350,0.997210655824336,17.5
357,0.996750595342877,17.5
364,0.994369669593093,17.5
0,1.06524579661655,18
7,1.06344314280369,18
14,1.06189843016187,18
21,1.0606079320285,18
28,1.06013356332551,18
35,1.05885436251162,18
42,1.05640940464898,18
49,1.05624751915704,18
56,1.05415846947416,18
63,1.05307339650599,18
70,1.05240611031413,18
77,1.05064841965793,18
84,1.04866573467605,18
91,1.04695440388729,18
98,1.04492409229934,18
105,1.04424042334038,18
112,1.04309443488059,18
119,1.04130641023642,18
126,1.04033437151645,18
133,1.03903842594148,18
140,1.0374875720091,18
147,1.03587499870959,18
154,1.03488432733598,18
161,1.03362097032479,18
168,1.03145480046128,18
175,1.03130546618987,18
182,1.02915070593386,18
189,1.02780942481147,18
196,1.02675410721163,18
203,1.02511660806563,18
210,1.02407656831696,18
217,1.0223435620826,18
224,1.02049378131268,18
231,1.0195807517626,18
238,1.01742813689634,18
245,1.01665427985289,18
252,1.01518338500468,18
259,1.01369594157136,18
266,1.01233573124428,18
273,1.01005907547725,18
280,1.00932563754613,18
287,1.00824642245057,18
294,1.006879928196,18
301,1.00488616242954,18
308,1.00463285392043,18
315,1.00216691257589,18
322,1.00168472860026,18
329,1.00001359718094,18
336,0.998076886345078,18
343,0.997887655446305,18
350,0.995003181584122,18
357,0.994659577086805,18
364,0.993300291159022,18
0,1.06366468989546,18.5
7,1.06329623265003,18.5
14,1.0610749767427,18.5
21,1.05994434681464,18.5
28,1.05853016091939,18.5
35,1.05693284562927,18.5
42,1.05600540413658,18.5
49,1.05459674436028,18.5
56,1.05192573401338,18.5
63,1.05205217012144,18.5
70,1.04916875400598,18.5
77,1.04911627310217,18.5
84,1.04776335256841,18.5
91,1.04525451678489,18.5
98,1.04419459285602,18.5
105,1.04244714766576,18.5
112,1.04149253948486,18.5
119,1.04004598285791,18.5
126,1.03918983026614,18.5
133,1.03805515437306,18.5
140,1.0366978419054,18.5
147,1.03431891598671,18.5
154,1.03309538906313,18.5
161,1.03095828090389,18.5
168,1.02999706496675,18.5
175,1.02948242581655,18.5
182,1.02840779141177,18.5
189,1.02558282556406,18.5
196,1.02450376787042,18.5
203,1.02338679712152,18.5
210,1.02214008057941,18.5
217,1.02019519824004,18.5
224,1.01941203052223,18.5
231,1.01756308032647,18.5
238,1.01639277386456,18.5
245,1.015273142124,18.5
252,1.01360321113491,18.5
259,1.01198180705474,18.5
266,1.01074519509804,18.5
273,1.0093558185204,18.5
280,1.00781499448506,18.5
287,1.00647060196867,18.5
294,1.00599932358525,18.5
301,1.00408045972397,18.5
308,1.00225225984099,18.5
315,1.00134847720226,18.5
322,0.999433090255122,18.5
329,0.998786562318793,18.5
336,0.996984821096099,18.5
343,0.995346348927998,18.5
350,0.994223858462905,18.5
357,0.991814561923966,18.5
364,0.990636616265545,18.5
0,1.0618030374968,19
7,1.06107147154738,19
14,1.06046625749974,19
21,1.0593156500731,19
28,1.05711902555072,19
35,1.05565042223747,19
42,1.05309947113292,19
49,1.05232866310013,19
56,1.05080610812405,19
63,1.04948957620087,19
70,1.04831592809071,19
77,1.04676395471115,19
84,1.04461035009481,19
91,1.04457395512806,19
98,1.04226362848713,19
105,1.04151962343206,19
112,1.04103704133488,19
119,1.03814030770421,19
126,1.03593485623863,19
133,1.03565699788906,19
140,1.0349504798175,19
147,1.03397917372711,19
154,1.03098522520277,19
161,1.03044834961162,19
168,1.02856734477161,19
175,1.02734702582285,19
182,1.02732217167351,19
189,1.0238485148358,19
196,1.02332686983075,19
203,1.02203384658588,19
210,1.02094289316247,19
217,1.01904899157674,19
224,1.01775402526975,19
231,1.01600417571629,19
238,1.01493456347062,19
245,1.01322840386225,19
252,1.01231078594493,19
259,1.01041519483198,19
266,1.00938855019695,19
273,1.00778536859316,19
280,1.00696302512539,19
287,1.00497430313821,19
294,1.0027134837659,19
301,1.00283096075036,19
308,1.00034713384957,19
315,0.999073116830676,19
322,0.997702169352978,19
329,0.997287219046585,19
336,0.994132162893011,19
343,0.99536887426683,19
350,0.992928028404533,19
357,0.991111619457065,19
364,0.989572552999692,19
0,1.06094277703743,19.5
7,1.05966056121419,19.5
14,1.05832260779298,19.5
21,1.056877802233,19.5
28,1.05524479034063,19.5
35,1.05370133078985,19.5
42,1.05232436335817,19.5
49,1.05090254585982,19.5
56,1.05016688504843,19.5
63,1.04849677836114,19.5
70,1.04532980568267,19.5
77,1.04572795038827,19.5
84,1.04409736809736,19.5
91,1.04259064562178,19.5
98,1.04100574077346,19.5
105,1.04036205635999,19.5
112,1.03887376323106,19.5
119,1.03661356116609,19.5
126,1.03580352614356,19.5
133,1.03371417163273,19.5
140,1.03211019091761,19.5
147,1.03108664138771,19.5
154,1.03043119673619,19.5
161,1.02907656252269,19.5
168,1.02745654271005,19.5
175,1.02616254789342,19.5
182,1.02465808914356,19.5
189,1.02267925920239,19.5
196,1.02181596127234,19.5
203,1.02060020476261,19.5
210,1.01917714566491,19.5
217,1.01799445668574,19.5
224,1.0163541519236,19.5
231,1.01477572410377,19.5
238,1.01373507511916,19.5
245,1.01178673937038,19.5
252,1.00995906267439,19.5
259,1.00891846651803,19.5
266,1.0072275486776,19.5
273,1.00586241086251,19.5
280,1.00472774066464,19.5
287,1.0030037900395,19.5
294,1.00184601923518,19.5
301,0.999653192666523,19.5
308,0.999306646853686,19.5
315,0.997800602737681,19.5
322,0.995991455684466,19.5
329,0.995329622834216,19.5
336,0.994068785068813,19.5
343,0.991396220067816,19.5
350,0.990418637610717,19.5
357,0.989015428825107,19.5
364,0.987530048449446,19.5
0,1.05961473742097,20
7,1.05770308693061,20
14,1.05626774257935,20
21,1.0539980688178,20
28,1.05391770901511,20
35,1.05158037080257,20
42,1.05082996631513,20
49,1.04953868846898,20
56,1.04868032929792,20
63,1.04594558980044,20
70,1.04369024392209,20
77,1.04389192477238,20
84,1.04330025559076,20
91,1.04161947317647,20
98,1.03970482970764,20
105,1.03795418190718,20
112,1.03720356129832,20
119,1.03491322690015,20
126,1.03423817888468,20
133,1.03285273507958,20
140,1.03173010495375,20
147,1.03117983001946,20
154,1.02859620798359,20
161,1.02674551818715,20
168,1.0255872128439,20
175,1.02331546204756,20
182,1.02245264343446,20
189,1.02119535878094,20
196,1.01973795580103,20
203,1.01867617743602,20
210,1.01678879003381,20
217,1.01636051533366,20
224,1.01440010353246,20
231,1.01299534983943,20
238,1.01143605264174,20
245,1.01027759534193,20
252,1.00921254913233,20
259,1.00696643489215,20
266,1.00567094175546,20
273,1.00444813698561,20
280,1.00252706453826,20
287,1.00139037107014,20
294,1.00016188956323,20
301,0.999437194590356,20
308,0.997731280664501,20
315,0.996296794955684,20
322,0.995225448981084,20
329,0.9933313141058,20
336,0.992195232424965,20
343,0.990548389123534,20
350,0.9893326811747,20
357,0.987508620671195,20
364,0.985180591420862,20
0,1.05753286041891,20.5
7,1.05691137406805,20.5
14,1.05526310770112,20.5
21,1.0538826987423,20.5
28,1.0526180653609,20.5
35,1.05064432879548,20.5
42,1.0492986578537,20.5
49,1.04749117405228,20.5
56,1.04624196357199,20.5
63,1.04530788557489,20.5
70,1.04420194221858,20.5
77,1.04213027686216,20.5
84,1.04057490536757,20.5
91,1.03940026397943,20.5
98,1.03830060337447,20.5
105,1.03587807259193,20.5
112,1.03405190952343,20.5
119,1.03352473157525,20.5
126,1.03178964378704,20.5
133,1.03074592990118,20.5
140,1.02952610984059,20.5
147,1.02797337579549,20.5
154,1.02752623376724,20.5
161,1.0255633723823,20.5
168,1.02415023717981,20.5
175,1.02291110357202,20.5
182,1.02063058344111,20.5
189,1.02031955589371,20.5
196,1.01836211785673,20.5
203,1.01733524030862,20.5
210,1.01506407138348,20.5
217,1.01342312061699,20.5
224,1.01320894482901,20.5
231,1.01158820476305,20.5
238,1.00954897422282,20.5
245,1.00816516845936,20.5
252,1.00776271739221,20.5
259,1.00520529405357,20.5
266,1.00522133647663,20.5
273,1.00254968963268,20.5
280,1.0019191959628,20.5
287,1.00003569076213,20.5
294,0.999101593715541,20.5
301,0.997127942998943,20.5
308,0.995918603546964,20.5
315,0.994620459587698,20.5
322,0.992698906272109,20.5
329,0.99217041217271,20.5
336,0.990143393216764,20.5
343,0.98888570004233,20.5
350,0.987102825312696,20.5
357,0.984918833170603,20.5
364,0.9847044861187,20.5
0,1.05720630771081,21
7,1.05499230214395,21
14,1.05319036981013,21
21,1.0516685545854,21
28,1.05041123294641,21
35,1.04927355955759,21
42,1.04700959359235,21
49,1.04675716084734,21
56,1.04515769065772,21
63,1.04375909286285,21
70,1.04221923786941,21
77,1.04060980832885,21
84,1.03953643061798,21
91,1.03809590706687,21
98,1.03622297964453,21
105,1.03471319911355,21
112,1.03365092814763,21
119,1.03297451007575,21
126,1.03018044646217,21
133,1.02866623736712,21
140,1.02808238042062,21
147,1.02662544385093,21
154,1.02528667083219,21
161,1.02392197659895,21
168,1.02228839887268,21
175,1.0217449317193,21
182,1.01879954801076,21
189,1.01778575148761,21
196,1.01674837261993,21
203,1.01457840559442,21
210,1.01391207279778,21
217,1.01343073508286,21
224,1.01121044324415,21
231,1.00991535045286,21
238,1.00776991761741,21
245,1.00669181929598,21
252,1.00541240180984,21
259,1.00404114245162,21
266,1.0034408218975,21
273,1.00167884553036,21
280,0.999444271021531,21
287,0.998723252389216,21
294,0.997449110874248,21
301,0.996370074519261,21
308,0.995190270343284,21
315,0.992492452904086,21
322,0.991194571244395,21
329,0.989571211070543,21
336,0.988682990070447,21
343,0.987633179187223,21
350,0.986493667258295,21
357,0.984562024488179,21
364,0.983040076238373,21
0,1.05447587899612,21.5
7,1.05258242854919,21.5
14,1.05264476936085,21.5
21,1.04939616948644,21.5
28,1.04889237028945,21.5
35,1.04841180310962,21.5
42,1.04600339992228,21.5
49,1.0445049804825,21.5
56,1.0430212772886,21.5
63,1.04170980415912,21.5
70,1.04108642423734,21.5
77,1.03789406904434,21.5
84,1.03836671685065,21.5
91,1.03548802142378,21.5
98,1.03466667383538,21.5
105,1.03318537778985,21.5
112,1.03229427663489,21.5
119,1.02980093782406,21.5
126,1.02943108633304,21.5
133,1.02881215481164,21.5
140,1.0257184129977,21.5
147,1.02509485308381,21.5
154,1.0232690089111,21.5
161,1.0224129436031,21.5
168,1.02080957388871,21.5
175,1.01907925654548,21.5
182,1.01824393614244,21.5
189,1.01750217405489,21.5
196,1.01510454810414,21.5
203,1.01415987897107,21.5
210,1.01175336352106,21.5
217,1.01052178181159,21.5
224,1.00983620313894,21.5
231,1.00894205801427,21.5
238,1.00697780667439,21.5
245,1.00524347098474,21.5
252,1.00399964570271,21.5
259,1.00197479613302,21.5
266,1.00150225766318,21.5
273,1.00024116653116,21.5
280,0.998173954833583,21.5
287,0.99676497892612,21.5
294,0.995732939114826,21.5
301,0.99398164013198,21.5
308,0.992766933692687,21.5
315,0.992449860894583,21.5
322,0.989876487149627,21.5
329,0.988420829923989,21.5
336,0.986876229097183,21.5
343,0.98617209598575,21.5
350,0.984309387913391,21.5
357,0.982675313480839,21.5
364,0.982260652016137,21.5
0,1.05350980150226,22
7,1.05109978821713,22
14,1.04906673002432,22
21,1.04910375684492,22
28,1.04685768508712,22
35,1.04619531279958,22
42,1.04341494809114,22
49,1.04344629866915,22
56,1.04099441403536,22
63,1.04056538205953,22
70,1.03880713653392,22
77,1.0369230302903,22
84,1.03579648184354,22
91,1.03494315922848,22
98,1.03325294722656,22
105,1.03209220649024,22
112,1.03138822029226,22
119,1.02821787919415,22
126,1.02840860628749,22
133,1.02625217796876,22
140,1.02435060797584,22
147,1.02273484318713,22
154,1.02190543980461,22
161,1.02106082505596,22
168,1.01913622543981,22
175,1.01855557746512,22
182,1.01567441215497,22
189,1.01499395552608,22
196,1.01297380327779,22
203,1.01238181594131,22
210,1.01124344369505,22
217,1.00918961910316,22
224,1.00669789307169,22
231,1.0066994740734,22
238,1.00541836927587,22
245,1.00400214737748,22
252,1.00301789109591,22
259,1.00046447316018,22
266,0.999940108052725,22
273,0.998796253756239,22
280,0.995910706207997,22
287,0.99555982591296,22
294,0.993747910084496,22
301,0.992559238663449,22
308,0.991373838241769,22
315,0.989556385717943,22
322,0.988062145960419,22
329,0.987017076208744,22
336,0.985056377030569,22
343,0.983657087435557,22
350,0.983139686641478,22
357,0.980825602982421,22
364,0.980333156250455,22
0,1.05143129564643,22.5
7,1.04893709663561,22.5
14,1.04806121767383,22.5
21,1.04759705470152,22.5
28,1.04510941723443,22.5
35,1.04396779786885,22.5
42,1.04303103044663,22.5
49,1.04179169525464,22.5
56,1.03987423055698,22.5
63,1.03830124490265,22.5
70,1.03791118493085,22.5
77,1.0366694498319,22.5
84,1.03488942902539,22.5
91,1.03304265907128,22.5
98,1.03119586713918,22.5
105,1.02978477779672,22.5
112,1.02906125705263,22.5
119,1.02760919911044,22.5
126,1.02670079929647,22.5
133,1.02492522504627,22.5
140,1.02244845984912,22.5
147,1.02232597380886,22.5
154,1.01990096968634,22.5
161,1.01880801436402,22.5
168,1.01772510010313,22.5
175,1.01719783374489,22.5
182,1.016354959278,22.5
189,1.01370336152957,22.5
196,1.01190840169064,22.5
203,1.01086725282424,22.5
210,1.00964382771294,22.5
217,1.00763966618722,22.5
224,1.00729760567796,22.5
231,1.0051150353796,22.5
238,1.00384887154455,22.5
245,1.00253296212603,22.5
252,1.00101079330531,22.5
259,0.999819470250235,22.5
266,0.997691373406727,22.5
273,0.996320849123027,22.5
280,0.994649922883514,22.5
287,0.99401975061531,22.5
294,0.992789468251756,22.5
301,0.991228886433076,22.5
308,0.990437246216674,22.5
315,0.988197201990586,22.5
322,0.987134370827796,22.5
329,0.98485414956193,22.5
336,0.983806450148763,22.5
343,0.982947768878783,22.5
350,0.981624551055372,22.5
357,0.979653016526168,22.5
364,0.978364200374071,22.5
0,1.04884106312666,23
7,1.0480214853996,23
14,1.04724519158176,23
21,1.04568760250805,23
28,1.04425033286069,23
35,1.04262488684359,23
42,1.04120353157931,23
49,1.03946983943026,23
56,1.0387494142101,23
63,1.0372104864722,23
70,1.035846009424,23
77,1.03393698257867,23
84,1.03172332854006,23
91,1.03194857635588,23
98,1.029760581272,23
105,1.02816861211798,23
112,1.02754673945596,23
119,1.02560399368004,23
126,1.02492996819202,23
133,1.02330850297479,23
140,1.0219417846616,23
147,1.0195170221444,23
154,1.01940597199269,23
161,1.01753062526562,23
168,1.01581536143038,23
175,1.01467169423367,23
182,1.01231188238355,23
189,1.01200432640574,23
196,1.00988531424591,23
203,1.00832366485708,23
210,1.00683882040689,23
217,1.0067563441875,23
224,1.00448536830315,23
231,1.00416686385496,23
238,1.00173209926847,23
245,0.999746321021204,23
252,0.998641737780026,23
259,0.998417905810003,23
266,0.996322050911032,23
273,0.994725856351755,23
280,0.993680009112926,23
287,0.992450891368084,23
294,0.991358699407951,23
301,0.990124249614946,23
308,0.987820115677105,23
315,0.985936976156959,23
322,0.984993267419439,23
329,0.983930140253291,23
336,0.981918120536895,23
343,0.980521424542552,23
350,0.979771893940775,23
357,0.978175673824215,23
364,0.976816398497706,23
0,1.04762075233265,23.5
7,1.0464847996429,23.5
14,1.04473788342787,23.5
21,1.04424509920556,23.5
28,1.04291762466736,23.5
35,1.04007690606888,23.5
42,1.0391352445699,23.5
49,1.03745173537246,23.5
56,1.0364749880328,23.5
63,1.03535828101511,23.5
70,1.03327517739015,23.5
77,1.03213907009344,23.5
84,1.03069802131396,23.5
91,1.0299036336647,23.5
98,1.02843467216852,23.5
105,1.02663913122333,23.5
112,1.02568841043607,23.5
119,1.02392665995771,23.5
126,1.02266417244484,23.5
133,1.02223672604515,23.5
140,1.0206702305259,23.5
147,1.01795020938154,23.5
154,1.01761486620894,23.5
161,1.01620569827725,23.5
168,1.01382586835562,23.5
175,1.01340938882188,23.5
182,1.01236896595921,23.5
189,1.00963872759688,23.5
196,1.00834124858949,23.5
203,1.00790883073342,23.5
210,1.00613574765541,23.5
217,1.00487573813762,23.5
224,1.0033702946082,23.5
231,1.00199534796046,23.5
238,0.999736763935844,23.5
245,0.999523658853311,23.5
252,0.998184794996214,23.5
259,0.996085304627966,23.5
266,0.994778261525093,23.5
273,0.992634446248722,23.5
280,0.992257127378009,23.5
287,0.990886028720857,23.5
294,0.9891689044915,23.5
301,0.988362176679935,23.5
308,0.98623296138451,23.5
315,0.985282302962947,23.5
322,0.983090167830654,23.5
329,0.982188223924563,23.5
336,0.980712822871049,23.5
343,0.979512653961021,23.5
350,0.977815236535583,23.5
357,0.976534263702164,23.5
364,0.975613023585721,23.5
0,1.04618161788138,24
7,1.04419671144963,24
14,1.0444747919521,24
21,1.04289072703935,24
28,1.04015386865245,24
35,1.03974485390262,24
42,1.03774851261473,24
49,1.03673174360767,24
56,1.03534711206451,24
63,1.03368279609984,24
70,1.03200811716721,24
77,1.03065472947384,24
84,1.02914190404226,24
91,1.02778408889589,24
98,1.02676641085498,24
105,1.02504212000545,24
112,1.02434102603286,24
119,1.02334362307767,24
126,1.02090997337932,24
133,1.01991970225027,24
140,1.01864984255515,24
147,1.01723600113546,24
154,1.01563797763396,24
161,1.01457134120918,24
168,1.01304112447634,24
175,1.01078116878884,24
182,1.0104345780322,24
189,1.00904364541863,24
196,1.00681835694791,24
203,1.00581896891772,24
210,1.00474166449641,24
217,1.00289534309021,24
224,1.00213648902388,24
231,1.00138193624731,24
238,0.998407006983683,24
245,0.996709477698423,24
252,0.996151909297802,24
259,0.994960781252563,24
266,0.993084566813078,24
273,0.992526630331661,24
280,0.989730697100138,24
287,0.989346459311516,24
294,0.987297069589621,24
301,0.987059688953104,24
308,0.985796257676584,24
315,0.983016671706108,24
322,0.981725221432046,24
329,0.98102979394349,24
336,0.979006434675105,24
343,0.977777294391034,24
350,0.976412694210271,24
357,0.974040163421901,24
364,0.973593081126953,24
0,1.04445513611297,24.5
7,1.0431534385888,24.5
14,1.04272181600174,24.5
21,1.03997174655286,24.5
28,1.03960660259337,24.5
35,1.03766051853483,24.5
42,1.03626011991575,24.5
49,1.03539518594803,24.5
56,1.03377002564729,24.5
63,1.03248530649861,24.5
70,1.03128409233027,24.5
77,1.02923434580841,24.5
84,1.02769388163275,24.5
91,1.02605742473672,24.5
98,1.02478729473501,24.5
105,1.02527454721266,24.5
112,1.02302233979037,24.5
119,1.0203244628169,24.5
126,1.01893877102163,24.5
133,1.01844093303086,24.5
140,1.01707363239869,24.5
147,1.01567444191766,24.5
154,1.01387252210322,24.5
161,1.01253727287,24.5
168,1.01136393976208,24.5
175,1.00984294650315,24.5
182,1.00729034981363,24.5
189,1.00688510018471,24.5
196,1.00517429678287,24.5
203,1.00428760570946,24.5
210,1.0042926295013,24.5
217,1.00158374083274,24.5
224,0.999843235156914,24.5
231,0.999060900750989,24.5
238,0.997441343943605,24.5
245,0.996010047245226,24.5
252,0.994703425296608,24.5
259,0.994028271782415,24.5
266,0.991034555782337,24.5
273,0.990436816038406,24.5
280,0.988336809435009,24.5
287,0.987677756323171,24.5
294,0.985540656744257,24.5
301,0.984391316593197,24.5
308,0.983052455042881,24.5
315,0.982287908359672,24.5
322,0.980859227221971,24.5
329,0.978377141311777,24.5
336,0.9776274670555,24.5
343,0.975845210072625,24.5
350,0.974170747544662,24.5
357,0.973291491474788,24.5
364,0.971845758605772,24.5
0,1.04441335824317,25
7,1.04201647991268,25
14,1.03971119124962,25
21,1.03871761299792,25
28,1.03811069164772,25
35,1.03724422138644,25
42,1.03400700834388,25
49,1.03246003780743,25
56,1.03293548258769,25
63,1.03079480708869,25
70,1.02876585363406,25
77,1.02806731454306,25
84,1.02508212613049,25
91,1.0250016877533,25
98,1.02376391058642,25
105,1.02266213506977,25
112,1.02029305202385,25
119,1.0194428435807,25
126,1.01753728768697,25
133,1.01672769187784,25
140,1.01475232683882,25
147,1.01359594958042,25
154,1.01190209230261,25
161,1.01132556812091,25
168,1.01002922555833,25
175,1.00808268971502,25
182,1.00681911899748,25
189,1.00467570429268,25
196,1.003850161676,25
203,1.00257489769148,25
210,1.00251039654552,25
217,0.999244016487113,25
224,0.999132088619376,25
231,0.997498429386733,25
238,0.995740318202245,25
245,0.995079310242098,25
252,0.992986052736304,25
259,0.991594579597834,25
266,0.989973439673491,25
273,0.98921178444121,25
280,0.987748234616906,25
287,0.985487161356252,25
294,0.983740376402701,25
301,0.982898509681302,25
308,0.981199980717801,25
315,0.980168237712693,25
322,0.979418719067342,25
329,0.977171349172457,25
336,0.975978588309344,25
343,0.974629011367404,25
350,0.973624215441103,25
357,0.970676555333008,25
364,0.970096649852617,25
0,1.04170564184614,25.5
7,1.04080003947821,25.5
14,1.03855404877625,25.5
21,1.03646172364698,25.5
28,1.03630985572298,25.5
35,1.03428231880559,25.5
42,1.03260516667046,25.5
49,1.03148782730514,25.5
56,1.03030773732117,25.5
63,1.02869762766773,25.5
70,1.02649721697145,25.5
77,1.02664853309844,25.5
84,1.02543743752064,25.5
91,1.02372576099567,25.5
98,1.02143115716479,25.5
105,1.02049925423303,25.5
112,1.01919673934239,25.5
119,1.01809939719478,25.5
126,1.01673417024436,25.5
133,1.01463291310061,25.5
140,1.01364099777821,25.5
147,1.01242864020231,25.5
154,1.01152791116107,25.5
161,1.00975225326991,25.5
168,1.00839452834369,25.5
175,1.00664191331397,25.5
182,1.0059052295726,25.5
189,1.00400488139798,25.5
196,1.00196945604491,25.5
203,1.00170168498506,25.5
210,0.99994895163627,25.5
217,0.997978477989436,25.5
224,0.9965602535163,25.5
231,0.99554828777257,25.5
238,0.994231592397634,25.5
245,0.992698646132816,25.5
252,0.991355654336722,25.5
259,0.990649978687288,25.5
266,0.988935771576118,25.5
273,0.987095317795633,25.5
280,0.986070655290384,25.5
287,0.983683738048236,25.5
294,0.982998963524974,25.5
301,0.982304653174867,25.5
308,0.979890977052304,25.5
315,0.97817618303569,25.5
322,0.976873955555704,25.5
329,0.975255183481329,25.5
336,0.974007619045936,25.5
343,0.972814745950705,25.5
350,0.970897216490411,25.5
357,0.970207809166975,25.5
364,0.969251138586893,25.5
0,1.03954612190993,26
7,1.03935964196182,26
14,1.03745539604426,26
21,1.03631529029281,26
28,1.03407108272307,26
35,1.03342726261353,26
42,1.0310540330498,26
49,1.03064512375042,26
56,1.0288859196699,26
63,1.02767662560999,26
70,1.02541220269719,26
77,1.02415246507886,26
84,1.02349861410913,26
91,1.02132582599789,26
98,1.02063160314605,26
105,1.01831643109677,26
112,1.01802408710633,26
119,1.01558373834262,26
126,1.01507614996884,26
133,1.01371281546682,26
140,1.01165161409079,26
147,1.01089101328354,26
154,1.00933022113167,26
161,1.0075305790719,26
168,1.00589572265796,26
175,1.00401868715416,26
182,1.00377482502365,26
189,1.00141759861432,26
196,1.00084767209972,26
203,0.999268275891959,26
210,0.998339571387719,26
217,0.996448977250255,26
224,0.995035276106827,26
231,0.994165935352144,26
238,0.992567529014542,26
245,0.991158077978592,26
252,0.989834633794904,26
259,0.987432213938397,26
266,0.987178394339994,26
273,0.985706234397007,26
280,0.983491658435712,26
287,0.982477959763163,26
294,0.981180346356186,26
301,0.979732751607799,26
308,0.978566929983284,26
315,0.977715683390916,26
322,0.976140883363837,26
329,0.973543890403284,26
336,0.973111034995153,26
343,0.972064466659768,26
350,0.970193404260345,26
357,0.969145490212593,26
364,0.968206135222851,26
0,1.03891185477305,26.5
7,1.03712465429782,26.5
14,1.03612254423704,26.5
21,1.03427244391655,26.5
28,1.03281195152164,26.5
35,1.03122429288214,26.5
42,1.03078170667942,26.5
49,1.02819078566703,26.5
56,1.02796618386234,26.5
63,1.02604993206187,26.5
70,1.0237003469126,26.5
77,1.0231838246465,26.5
84,1.02054998674617,26.5
91,1.02051275400842,26.5
98,1.0192426157415,26.5
105,1.01710382202217,26.5
112,1.01606177384798,26.5
119,1.01557707871688,26.5
126,1.01294712664787,26.5
133,1.01127054620647,26.5
140,1.01114083170123,26.5
147,1.00998129359527,26.5
154,1.00760184783592,26.5
161,1.0067057315177,26.5
168,1.00547073795777,26.5
175,1.00302875788373,26.5
182,1.00175734708232,26.5
189,1.00121543725658,26.5
196,1.00004250713935,26.5
203,0.998081440430087,26.5
210,0.995960092823249,26.5
217,0.99599353055585,26.5
224,0.993334514551094,26.5
231,0.992032431109414,26.5
238,0.990971168917245,26.5
245,0.990177080210358,26.5
252,0.988426987988276,26.5
259,0.986807432750181,26.5
266,0.985431644265059,26.5
273,0.983821757334322,26.5
280,0.982679069757259,26.5
287,0.979735219961153,26.5
294,0.979451696270465,26.5
301,0.978320660967458,26.5
308,0.97622449295819,26.5
315,0.975593161658906,26.5
322,0.973897764389507,26.5
329,0.973477737849158,26.5
336,0.971986509862608,26.5
343,0.969567097215441,26.5
350,0.968324581144217,26.5
357,0.966963026217196,26.5
364,0.96537417026192,26.5
0,1.03689751249201,27
7,1.03502085896556,27
14,1.03343469233253,27
21,1.03291135561195,27
28,1.03151476479211,27
35,1.02939784212017,27
42,1.02884767771538,27
49,1.02668421113542,27
56,1.02572658261902,27
63,1.02461017200631,27
70,1.02278319371765,27
77,1.02162737045607,27
84,1.01974178517806,27
91,1.01850176670829,27
98,1.01709707028456,27
105,1.01542671082673,27
112,1.01431161291844,27
119,1.01222569085057,27
126,1.01135442312643,27
133,1.01005756225332,27
140,1.00867191012375,27
147,1.00727925127707,27
154,1.00596911790007,27
161,1.00483972075904,27
168,1.00363725853707,27
175,1.00147511738658,27
182,0.999798399572306,27
189,0.998478977793878,27
196,0.997356398539403,27
203,0.996024039341092,27
210,0.994415001966901,27
217,0.992751941667875,27
224,0.991771939586263,27
231,0.990690713310057,27
238,0.989497514732918,27
245,0.987521288473446,27
252,0.986193501088928,27
259,0.984536650845576,27
266,0.983584280414813,27
273,0.981775785682905,27
280,0.981086563906621,27
287,0.978507066754033,27
294,0.977820185163774,27
301,0.976750553669596,27
308,0.975291917258161,27
315,0.97514651683199,27
322,0.972574900012284,27
329,0.970497972701579,27
336,0.969552267876455,27
343,0.967311876833267,27
350,0.966759700125352,27
357,0.9649834719715,27
364,0.96445769513778,27
0,1.0349252298627,27.5
7,1.0337416170421,27.5
14,1.0320822210793,27.5
21,1.03186942567593,27.5
28,1.02943937861694,27.5
35,1.02911627852174,27.5
42,1.02720707588106,27.5
49,1.02564103336367,27.5
56,1.02418436657366,27.5
63,1.02279689864911,27.5
70,1.02023616371033,27.5
77,1.01966055830293,27.5
84,1.01882257898559,27.5
91,1.01697555140826,27.5
98,1.0148974050766,27.5
105,1.01417379777471,27.5
112,1.01365205275813,27.5
119,1.01202344585777,27.5
126,1.00996899799532,27.5
133,1.00907572463853,27.5
140,1.00701674648982,27.5
147,1.00494806420659,27.5
154,1.00393776700594,27.5
161,1.00378144438425,27.5
168,1.00146300345909,27.5
175,1.00007830801031,27.5
182,0.998650080901863,27.5
189,0.998352068294787,27.5
196,0.996812979457681,27.5
203,0.995709390116724,27.5
210,0.9931204773948,27.5
217,0.991947812244374,27.5
224,0.98964167872529,27.5
231,0.989738467213059,27.5
238,0.987016110224366,27.5
245,0.986308387781881,27.5
252,0.984251348736184,27.5
259,0.983105566586631,27.5
266,0.981581368784475,27.5
273,0.980296062369662,27.5
280,0.978930438648426,27.5
287,0.977525865602538,27.5
294,0.97681666695589,27.5
301,0.974447568603469,27.5
308,0.973710270713507,27.5
315,0.972808979576153,27.5
322,0.970543401817743,27.5
329,0.969041040554626,27.5
336,0.96788473768741,27.5
343,0.96718986260418,27.5
350,0.965297053815477,27.5
357,0.963534392852696,27.5
364,0.962641938325594,27.5
0,1.03304885392508,28
7,1.03254067975522,28
14,1.03100430365385,28
21,1.02924609576443,28
28,1.02758070710078,28
35,1.02615665953886,28
42,1.02546740866817,28
49,1.02441449025125,28
56,1.02208134612649,28
63,1.02122919335178,28
70,1.0185564864907,28
77,1.01790769113467,28
84,1.01678447053357,28
91,1.01494515829151,28
98,1.01353174681261,28
105,1.01226611022177,28
112,1.01134609636416,28
119,1.0097063354908,28
126,1.00728088438334,28
133,1.00593964992368,28
140,1.00529656741107,28
147,1.00442884329303,28
154,1.00142624757864,28
161,1.00115013491192,28
168,0.999736876071741,28
175,0.999294168889104,28
182,0.997007489094144,28
189,0.99599149449237,28
196,0.994470628570044,28
203,0.991934716760096,28
210,0.991984103608316,28
217,0.990307698252728,28
224,0.989054134319837,28
231,0.989363118853218,28
238,0.984957943530251,28
245,0.985462348324881,28
252,0.9830562762403,28
259,0.981943664452201,28
266,0.98037724387735,28
273,0.978787881833301,28
280,0.977315083535881,28
287,0.976364754367787,28
294,0.974041413151664,28
301,0.973775289583761,28
308,0.971791902797557,28
315,0.97003496533048,28
322,0.968974993571002,28
329,0.968428574608431,28
336,0.966132332456492,28
343,0.965179226809105,28
350,0.963234521862142,28
357,0.962578960924962,28
364,0.961142753869395,28
0,1.03292430441665,28.5
7,1.03051221802725,28.5
14,1.02953432740238,28.5
21,1.02784903376977,28.5
28,1.02704793589093,28.5
35,1.0246405838062,28.5
42,1.02397250265644,28.5
49,1.02210265135194,28.5
56,1.02076790591145,28.5
63,1.01944587624222,28.5
70,1.01812612019821,28.5
77,1.01654188547844,28.5
84,1.01530735659159,28.5
91,1.01458905902878,28.5
98,1.01289272484281,28.5
105,1.01143457729625,28.5
112,1.00937223023699,28.5
119,1.00775537958589,28.5
126,1.00727765027912,28.5
133,1.00583802339627,28.5
140,1.00473633533788,28.5
147,1.00229800968702,28.5
154,1.00108522567232,28.5
161,0.998980257918737,28.5
168,0.99820376444697,28.5
175,0.99749828525529,28.5
182,0.995366752310386,28.5
189,0.9945202398976,28.5
196,0.992704748447001,28.5
203,0.991562028514111,28.5
210,0.989426154305092,28.5
217,0.988642604724817,28.5
224,0.98570443201455,28.5
231,0.985706551920919,28.5
238,0.983584763378143,28.5
245,0.983602997258274,28.5
252,0.981988703676382,28.5
259,0.980433335490983,28.5
266,0.97956050311358,28.5
273,0.976925541739588,28.5
280,0.976873681598958,28.5
287,0.97506609578213,28.5
294,0.973081722356391,28.5
301,0.972367810073592,28.5
308,0.969846853243794,28.5
315,0.968587742919236,28.5
322,0.96729570513838,28.5
329,0.965935511145968,28.5
336,0.96427172117862,28.5
343,0.964011541533548,28.5
350,0.961870572799815,28.5
357,0.960776252484179,28.5
364,0.958914824316793,28.5
0,1.02948969834973,29
7,1.0291350286792,29
14,1.02664387251229,29
21,1.02616568297696,29
28,1.02411584248058,29
35,1.02439363799962,29
42,1.02245568136109,29
49,1.02065287689564,29
56,1.01983185333883,29
63,1.01737684201127,29
70,1.01667173968934,29
77,1.01509990521686,29
84,1.01373201004067,29
91,1.01283617675005,29
98,1.01116624605139,29
105,1.00954436183141,29
112,1.00717255628189,29
119,1.00611997685236,29
126,1.0051386455332,29
133,1.00384668618714,29
140,1.00183489813766,29
147,1.00220583833779,29
154,1.00035819702763,29
161,0.998501059160196,29
168,0.996836018430642,29
175,0.99529389551505,29
182,0.993524040769989,29
189,0.992638740259259,29
196,0.991328876270072,29
203,0.989179119712259,1
210,0.988567088208622,1
217,0.986922370475588,1
224,0.984646096221061,1
231,0.98376980749461,1
238,0.982593197233289,1
245,0.98234384382867,1
252,0.980278276562267,1
259,0.97793225921545,1
266,0.977443018144709,1
273,0.975026348005531,1
280,0.974941345526944,1
287,0.972764437674091,1
294,0.971553181905631,1
301,0.970862898323771,1
308,0.968156418215708,1
315,0.966701440907444,1
322,0.965708200336827,1
329,0.96511918942551,1
336,0.962440326962262,1
343,0.960383922200945,1
350,0.960174420570795,1
357,0.959275870399956,1
364,0.958200130874869,1
0,1.02856841931896,2
7,1.02719428669644,2
14,1.02657695036713,2
21,1.02366512915015,2
28,1.02300573961241,2
35,1.02189521194496,2
42,1.02062460936064,2
49,1.01874509665341,2
56,1.01761722050585,2
63,1.01495583632329,2
70,1.01447087579383,2
77,1.01362675435628,2
84,1.01150885298287,2
91,1.0106294921108,2
98,1.0094234362504,2
105,1.00762872539957,2
112,1.0064852318855,2
119,1.00451863371736,2
126,1.00349669436015,2
133,1.0025051080848,2
140,1.00087848648048,2
147,0.999106734365218,2
154,0.998112108202145,2
161,0.996957304895318,2
168,0.994175029360711,2
175,0.994379537032478,2
182,0.99223187263066,2
189,0.99121274496662,2
196,0.990198623461823,2
203,0.987514163151385,2
210,0.986445279498786,2
217,0.985255725652062,2
224,0.983608123239438,2
231,0.983467468287918,2
238,0.980771613953087,2
245,0.979522226610257,2
252,0.978502194515802,2
259,0.976398925236962,2
266,0.975402159644122,2
273,0.974358726630625,2
280,0.972633569797809,2
287,0.97135330657055,2
294,0.969735333943776,2
301,0.96784276484541,2
308,0.96736079660567,2
315,0.966677466535824,2
322,0.964409200815392,2
329,0.963112632058624,2
336,0.961946361377559,2
343,0.959565334751727,2
350,0.959651257329065,2
357,0.957501164398212,2
364,0.956815928449545,2
0,1.02683348350224,2
7,1.02670903096128,3
14,1.02478757774702,3
21,1.02327652004293,3
28,1.02171701222718,3
35,1.02007573569096,3
42,1.01940026582924,3
49,1.01747017993492,3
56,1.01501646514821,3
63,1.01404140676915,3
70,1.0131070771239,3
77,1.01195499949158,3
84,1.01037170575555,3
91,1.0096094853949,3
98,1.00662444906798,3
105,1.00627179396825,3
112,1.00389101038731,3
119,1.00377985614774,3
126,1.00195277064278,3
133,1.00080980498601,3
140,0.998768058519705,3
147,0.998439732465829,3
154,0.99692086233203,3
161,0.995291772151506,3
168,0.993535241376568,3
175,0.992489928642648,3
182,0.990446553716006,3
189,0.98982777782951,3
196,0.988824740447162,3
203,0.98713530527999,3
210,0.984835198765096,3
217,0.983980708658637,3
224,0.981753429228121,3
231,0.981286195155588,3
238,0.979825301706431,3
245,0.977265091830234,3
252,0.976219108078044,3
259,0.975258430551628,3
266,0.97384957012643,3
273,0.971995261532291,3
280,0.971394489364676,3
287,0.96992573680447,3
294,0.968302865434011,3
301,0.966622104249921,3
308,0.966124353563208,3
315,0.965027703556544,3
322,0.962558219258077,3
329,0.961093916541423,3
336,0.960245603832706,3
343,0.958420985310127,3
350,0.957130301399669,3
357,0.956169826575863,3
364,0.953445321956247,3
0,1.02625915116243,4
7,1.02423634026217,4
14,1.02259425342772,4
21,1.02135538292289,4
28,1.01998121467751,4
35,1.01773439934828,4
42,1.01794746911373,4
49,1.01582066281614,4
56,1.01462150106522,4
63,1.01347577488529,4
70,1.01108941877122,4
77,1.01043673594952,4
84,1.00866617945455,4
91,1.00782338538761,4
98,1.00493638628982,4
105,1.00455045284988,4
112,1.00289858967211,4
119,1.00201613147532,4
126,1.00063502209368,4
133,0.998646187052589,4
140,0.997243913067912,4
147,0.996144667315721,4
154,0.994351678886343,4
161,0.993820991847726,4
168,0.991815396399776,4
175,0.989146505890339,4
182,0.989012588971689,4
189,0.987280728089578,4
196,0.98558436209227,4
203,0.984381286680889,4
210,0.983654704235916,4
217,0.982864320414124,4
224,0.980956592236933,4
231,0.979096748305892,4
238,0.978227952097585,4
245,0.976370454844891,4
252,0.974852699815418,4
259,0.973222818665884,4
266,0.971524085596624,4
273,0.97080503814672,4
280,0.96967902674496,4
287,0.968151688164993,4
294,0.966592016536026,4
301,0.964927126969652,4
308,0.964304123095842,4
315,0.961941434040027,4
322,0.961588013956922,4
329,0.959298891490537,4
336,0.958023782381324,4
343,0.956266607404692,4
350,0.955349298926557,4
357,0.954687656229239,4
364,0.953057814044222,4
0,1.02448921105601,5
7,1.02286107127297,5
14,1.02064816508574,5
21,1.01963460538784,5
28,1.01800990043544,5
35,1.01766528745202,5
42,1.01500160567679,5
49,1.01464684884469,5
56,1.01324647693505,5
63,1.01231481010086,5
70,1.00979515670369,5
77,1.00895616107979,5
84,1.00834082591827,5
91,1.00549117916153,5
98,1.00363247987623,5
105,1.00205999498305,5
112,1.00195635601443,5
119,0.999258424895971,5
126,0.998613840473531,5
133,0.99761865659352,5
140,0.996092587768415,5
147,0.994812722432092,5
154,0.993311144927901,5
161,0.992439432906657,5
168,0.989923841809631,5
175,0.988661502430771,5
182,0.987213670277365,5
189,0.986615095905931,5
196,0.985250199294198,5
203,0.983625612659659,5
210,0.982591746833445,5
217,0.980010979566312,5
224,0.980033612055776,5
231,0.978561619310856,5
238,0.976767810998623,5
245,0.975890899454386,5
252,0.972771688396161,5
259,0.971937775931869,5
266,0.970432348269659,5
273,0.969760739661879,5
280,0.967474929630199,5
287,0.966978747574669,5
294,0.965885268071999,5
301,0.964147601450042,5
308,0.962541875511831,5
315,0.96050606332955,5
322,0.959176574516937,5
329,0.958824809452648,5
336,0.957189674501953,6
343,0.955380490240311,6
350,0.953791045227117,6
357,0.951587096063444,6
364,0.950664573790658,6
0,1.02335570954357,6
7,1.0203597722145,6
14,1.01969473991061,6
21,1.0187037219866,6
28,1.016172538666,6
35,1.01549235523739,6
42,1.01446895776876,6
49,1.01260624966095,6
56,1.01263420152783,6
63,1.00896570037056,6
70,1.00892936426494,6
77,1.0069135991313,6
84,1.00598596007742,6
91,1.00442065357585,6
98,1.00243342190145,6
105,1.00151449819623,6
112,0.999071049274301,6
119,0.998901623750286,6
126,0.997349079232995,6
133,0.996119330084322,6
140,0.994929059162544,6
147,0.993183809920105,6
154,0.991674044709899,6
161,0.989759465831669,6
168,0.988443889618175,6
175,0.987993367310089,6
182,0.986718167702853,6
189,0.984480944781844,6
196,0.983223001373627,6
203,0.981347692812503,6
210,0.980986378422634,6
217,0.979332708411846,6
224,0.978570608718232,6
231,0.97576083846141,6
238,0.974610996050491,6
245,0.973515722961263,6
252,0.972323244768863,6
259,0.970492166181226,6
266,0.968763519454773,6
273,0.968240703764462,6
280,0.966760567681273,6
287,0.964541862949718,6
294,0.964277721400553,6
301,0.962785099354598,6
308,0.960867148248624,6
315,0.959439798931188,6
322,0.958277028885558,6
329,0.956169148464872,6
336,0.955215015739582,7
343,0.952723808227696,7
350,0.952838227822751,7
357,0.950219253388779,7
364,0.950351709914215,7
0,1.02063493995302,7
7,1.01929416650903,7
14,1.01768613304696,7
21,1.01645598056304,7
28,1.01590926567257,7
35,1.01255609567173,7
42,1.01303848269304,7
49,1.01116901174055,7
56,1.00899648917607,7
63,1.00766234380348,7
70,1.0076381965136,7
77,1.00492724656003,7
84,1.0034233247447,7
91,1.00316865727118,7
98,1.00136927643814,7
105,0.999331037211732,7
112,0.998508312487702,7
119,0.99648712365818,7
126,0.996150410699212,7
133,0.994730685482437,7
140,0.993066003099411,7
147,0.991580830530623,7
154,0.990880594062434,7
161,0.988599843163694,7
168,0.98660906293729,7
175,0.986024736956416,7
182,0.985443023524769,7
189,0.982492620253407,7
196,0.981419268616653,7
203,0.980408223019051,7
210,0.978773047575497,7
217,0.976908848209811,7
224,0.976560928928115,7
231,0.975760020361009,7
238,0.973298065729512,7
245,0.971347965855132,7
252,0.969625519737473,7
259,0.969128987990611,7
266,0.968151938671658,7
273,0.966437583873248,7
280,0.964798798079541,7
287,0.963105364174106,7
294,0.961453918183641,7
301,0.961017375663162,7
308,0.959656885810693,7
315,0.957027135106655,7
322,0.957194919489091,7
329,0.955287035610447,7
336,0.954299797322573,7
343,0.951528936125758,7
350,0.950117087922292,7
357,0.95,7
364,0.95,7
0,1.02009818041146,8
7,1.01815303945691,8
14,1.01627865936159,8
21,1.01448681539617,8
28,1.01421500028636,8
35,1.01171764728713,8
42,1.01161423427739,8
49,1.0092578076752,8
56,1.00879529103631,8
63,1.00693946564503,8
70,1.00513150225528,8
77,1.00354030181409,8
84,1.00222954606133,8
91,1.00121415834619,8
98,0.999638578248109,8
105,0.997903094295966,8
112,0.996717184294841,8
119,0.99543928851486,8
126,0.992935632952793,8
133,0.992829084057394,8
140,0.990710139387642,8
147,0.989223333798397,8
154,0.987556327826445,8
161,0.986103053751066,8
168,0.984922276248444,8
175,0.983845489521185,8
182,0.983776629568763,8
189,0.981137060162052,8
196,0.980088875053134,8
203,0.978800240693253,8
210,0.977265532593108,8
217,0.975761278269637,8
224,0.973802353118201,8
231,0.97372546377414,8
238,0.972503598321819,8
245,0.969358670652939,8
252,0.968287985704557,8
259,0.967260094828812,8
266,0.965517731102545,8
273,0.964852982776728,8
280,0.962835863898797,8
287,0.962882528033903,8
294,0.960995274297172,8
301,0.959106287015316,8
308,0.95811349313166,8
315,0.956752950212179,8
322,0.954518026255971,8
329,0.952991891377729,8
336,0.952039071531485,8
343,0.951030818062249,8
350,0.95,8
357,0.95,8
364,0.95,8
0,1.0175630135682,
7,1.01616216719784,
14,1.0157862710884,
21,1.0127070060288,
28,1.01225279462092,
35,1.01134455655416,9
42,1.01033572487271,9
49,1.00759780128841,9
56,1.00664571472636,9
63,1.0052848801786,9
70,1.00369774086578,9
77,1.00215057739938,9
84,1.00101798769475,9
91,0.99813387695739,9
98,0.998341034745031,9
105,0.996663088951831,9
112,0.995088762551611,9
119,0.99482343109786,9
126,0.992062532990605,9
133,0.990798462005468,9
140,0.990595776651102,9
147,0.987783969347575,9
154,0.986524942358532,9
161,0.985326487288285,9
168,0.984420367241065,9
175,0.982703901253677,9
182,0.980553687326424,9
189,0.979533915718436,9
196,0.978096322783394,9
203,0.976961389477389,9
210,0.975812921829315,9
217,0.974409102877944,9
224,0.971911994122976,9
231,0.97193197049378,9
238,0.970126284422998,9
245,0.969292266023797,9
252,0.967422099163645,9
259,0.966350661478868,9
266,0.964633272655725,9
273,0.963673112878101,9
280,0.961861125318009,9
287,0.960151042376779,9
294,0.959936217360223,9
301,0.95784451856114,9
308,0.956286872210502,9
315,0.953961847791731,9
322,0.952555846191268,9
329,0.951946357741071,9
336,0.950472760598884,9
343,0.95,9
350,0.95,9
357,0.95,9
364,0.95,9
0,1.01542949574512,9
7,1.01454424558643,9
14,1.01279751675957,9
21,1.0116061500418,9
28,1.01019319216719,10
35,1.0087611772087,10
42,1.00697243231401,10
49,1.00613617265924,10
56,1.00451969618158,10
63,1.001935275655,10
70,1.00302648601225,10
77,1.00114438482711,10
84,0.999011849637538,10
91,0.99780940952487,10
98,0.995814172826341,10
105,0.995847861438906,10
112,0.994548644347387,10
119,0.992278346864123,10
126,0.991311765322093,10
133,0.989487643389467,10
140,0.987331637280562,10
147,0.986394088315518,10
154,0.985265963983386,10
161,0.983572726140628,10
168,0.982290673361283,10
175,0.980954300221246,10
182,0.979559560751067,10
189,0.978226129245249,10
196,0.976269697466802,10
203,0.975041491925436,10
210,0.97335770786715,10
217,0.973088907774843,10
224,0.97014717652908,10
231,0.970376795171659,10
238,0.969093174698631,10
245,0.966848909706509,10
252,0.964298431456087,10
259,0.964019344719016,10
266,0.962767907919356,10
273,0.960894700890036,10
280,0.959742390803096,10
287,0.959365097599432,10
294,0.957532463581151,10
301,0.955337717942811,10
308,0.953601200415202,10
315,0.952836491341195,10
322,0.951493271610325,10
329,0.950448099593682,10
336,0.95,10
343,0.95,10
350,0.95,10
357,0.95,10
364,0.95,10
0,1.01430842476447,10
7,1.01282166343291,10
14,1.01219032045623,34
21,1.00988634327703,34
28,1.0088226113545,34
35,1.00742559895094,34
42,1.0057491079036,34
49,1.00391376722606,34
56,1.00336148725181,34
63,1.00176949801407,34
70,1.00065012023472,34
77,0.99873319984678,34
84,0.998210410649407,34
91,0.995761613109394,34
98,0.995656020142009,34
105,0.992526181745086,34
112,0.992217385032279,34
119,0.990837715341263,34
126,0.98880222146603,34
133,0.988012196968931,34
140,0.98703975933488,34
147,0.983891590580323,34
154,0.983851372403746,34
161,0.980953364589835,34
168,0.980317167598238,34
175,0.980214583182451,34
182,0.977709108983304,34
189,0.976013060017796,34
196,0.975101031135508,34
203,0.974833953169082,34
210,0.971484158876397,34
217,0.97047434504418,34
224,0.97034871584159,34
231,0.969128851171769,34
238,0.966748284387855,34
245,0.964780473648737,34
252,0.965047921750905,34
259,0.963397221195875,34
266,0.961539473493881,34
273,0.959393798825531,34
280,0.958375485329581,34
287,0.956919819959478,34
294,0.955765425652308,34
301,0.954925500719066,34
308,0.953239708520569,34
315,0.950861311961508,34
322,0.95068824822501,34
329,0.95,34
336,0.95,34
343,0.95,34
350,0.95,34
357,0.95,34
364,0.95,34
0,1.01201607028732,34.5
7,1.0115733549888,34.5
14,1.01125577827579,34.5
21,1.00767996112775,34.5
28,1.00718385969448,34.5
35,1.00612027146754,34.5
42,1.00446153910083,34.5
49,1.00294343597374,34.5
56,1.00095039181828,34.5
63,1.00031639337147,34.5
70,0.998421618011492,34.5
77,0.996305039147511,34.5
84,0.996597296110257,34.5
91,0.995079192909921,34.5
98,0.993225830488426,34.5
105,0.991914537344103,34.5
112,0.990937159006358,34.5
119,0.989112169828389,34.5
126,0.988052008777381,34.5
133,0.986051258899563,34.5
140,0.985455991869287,34.5
147,0.983560392862966,34.5
154,0.982097025971803,34.5
161,0.979964969455644,34.5
168,0.979343477927151,34.5
175,0.977384022541253,34.5
182,0.976080858636736,34.5
189,0.974592312185842,34.5
196,0.973066882534051,34.5
203,0.973262385701509,34.5
210,0.971465669530994,34.5
217,0.970360183751072,34.5
224,0.967388552490222,34.5
231,0.966635626874955,34.5
238,0.964553246187398,34.5
245,0.963452152561402,34.5
252,0.961940936508292,34.5
259,0.961619792003221,34.5
266,0.959401885160949,34.5
273,0.958734189666847,34.5
280,0.957102060444794,34.5
287,0.956551819376053,34.5
294,0.95326027788843,34.5
301,0.953229616619893,34.5
308,0.9517732204352,34.5
315,0.95,34.5
322,0.95,34.5
329,0.95,34.5
336,0.95,34.5
343,0.95,34.5
350,0.95,34.5
357,0.95,34.5
364,0.95,34.5
0,1.01159106500077,35
7,1.00940455030917,35
14,1.00801007352689,35
21,1.00754099240463,35
28,1.00492521189422,35
35,1.00399239311605,35
42,1.00281701370554,35
49,1.00145568630092,35
56,0.999910453357492,35
63,0.998797909890548,35
70,0.997546427877909,35
77,0.99616731877273,35
84,0.993907098095666,35
91,0.992857922451036,35
98,0.992197381430938,35
105,0.990647323593787,35
112,0.98811357027426,35
119,0.987575739950176,35
126,0.985010887375313,35
133,0.98462346745103,35
140,0.984148883508373,35
147,0.981326053641365,35
154,0.979982838477254,35
161,0.979382014890786,35
168,0.976828599242395,35
175,0.975883622485058,35
182,0.975098220568791,35
189,0.973082857076155,35
196,0.971882015006395,35
203,0.970972092855158,35
210,0.969410773041768,35
217,0.967933409198148,35
224,0.966230438860365,35
231,0.965185030557635,35
238,0.96353813365995,35
245,0.962428902804963,35
252,0.960551533987441,35
259,0.95930871551281,35
266,0.957505021103724,35
273,0.956582496194997,35
280,0.954794499568186,35
287,0.953242976774919,35
294,0.952529330573928,35
301,0.951106369887929,35
308,0.95,35
315,0.95,35
322,0.95,35
329,0.95,35
336,0.95,35
343,0.95,35
350,0.95,35
357,0.95,35
364,0.95,35
0,1.00855676117082,35.5
7,1.00828024481199,35.5
14,1.0079062655197,35.5
21,1.00521998036562,35.5
28,1.00363596145107,35.5
35,1.00278667427986,35.5
42,1.00135618910523,35.5
49,1.00039636758271,35.5
56,0.997771065922045,35.5
63,0.997365690126288,35.5
70,0.995895211030626,35.5
77,0.99412892673153,35.5
84,0.992969343658961,35.5
91,0.991914728740799,35.5
98,0.990436157690014,35.5
105,0.988028490343963,35.5
112,0.987610079093378,35.5
119,0.985767655697484,35.5
126,0.984436437049008,35.5
133,0.983036598495501,35.5
140,0.981524878505601,35.5
147,0.980795853748553,35.5
154,0.978758141020075,35.5
161,0.976840226935808,35.5
168,0.975803235072015,35.5
175,0.974689347358405,35.5
182,0.973814607392149,35.5
189,0.972101547342474,35.5
196,0.969974732360627,35.5
203,0.97024259495834,35.5
210,0.967732387655489,35.5
217,0.966837695368999,35.5
224,0.964724142783211,35.5
231,0.963666679622353,35.5
238,0.962419734252259,35.5
245,0.961209097355877,35.5
252,0.959728684152689,35.5
259,0.958236098500036,35.5
266,0.956242456634403,35.5
273,0.954714126979022,35.5
280,0.953766303755162,35.5
287,0.952666564036171,35.5
294,0.950688639649612,35.5
301,0.95,35.5
308,0.95,35.5
315,0.95,35.5
322,0.95,35.5
329,0.95,35.5
336,0.95,35.5
343,0.95,35.5
350,0.95,35.5
357,0.95,35.5
364,0.95,35.5
0,1.00728204523807,36
7,1.00594209209179,36
14,1.00534050462514,36
21,1.00273370218692,36
28,1.00290631870482,36
35,1.00092092307781,36
42,1.0012215464848,36
49,0.999353958125308,36
56,0.996709275465376,36
63,0.995346831498734,36
70,0.994497790757001,36
77,0.993451586304959,36
84,0.990380985471282,36
91,0.988906812267323,36
98,0.988088982597223,36
105,0.987291368791587,36
112,0.985848436795254,36
119,0.984734885727492,36
126,0.982200151235818,36
133,0.980241928068516,36
140,0.980429007097651,36
147,0.978185901863517,36
154,0.976190756067806,36
161,0.97587253187298,36
168,0.974796587844109,36
175,0.97293897143394,36
182,0.971371075806909,36
189,0.970120318883927,36
196,0.9686147086188,36
203,0.96672597644403,36
210,0.965642659661505,36
217,0.964860639952507,36
224,0.963360839270688,36
231,0.961884029902983,36
238,0.959902425759073,36
245,0.958909248418932,36
252,0.956511467476779,36
259,0.956289238331943,36
266,0.955514428853907,36
273,0.952662933933979,36
280,0.951707036163341,36
287,0.950764553389355,36
294,0.95,36
301,0.95,36
308,0.95,36
315,0.95,36
322,0.95,36
329,0.95,36
336,0.95,36
343,0.95,36
350,0.95,36
357,0.95,36
364,0.95,36
0,1.00681163995784,36.5
7,1.00511288076156,36.5
14,1.00360880662597,36.5
21,1.00171231698636,36.5
28,1.00145175396597,36.5
35,0.999732351372667,36.5
42,0.997723539581316,36.5
49,0.997100912426841,36.5
56,0.994951214580807,36.5
63,0.993408998253745,36.5
70,0.99202014844126,36.5
77,0.990114465723456,36.5
84,0.989835771190209,36.5
91,0.987284427560831,36.5
98,0.986185778084367,36.5
105,0.984362205995461,36.5
112,0.983956965153605,36.5
119,0.982524839769864,36.5
126,0.981036651893407,36.5
133,0.979278711152665,36.5
140,0.977813883123282,36.5
147,0.977232184931773,36.5
154,0.975324724034146,36.5
161,0.974358179160768,36.5
168,0.972357375656938,36.5
175,0.971490531371386,36.5
182,0.970651639018658,36.5
189,0.968893082900196,36.5
196,0.966993793090892,36.5
203,0.965928599485178,36.5
210,0.964279667412735,36.5
217,0.963003940092347,36.5
224,0.961437194473926,36.5
231,0.960117832397057,36.5
238,0.958906046676537,36.5
245,0.956903320650209,36.5
252,0.955492060586505,36.5
259,0.953905728723084,36.5
266,0.952399864447748,36.5
273,0.95119135865389,36.5
280,0.950479731253402,36.5
287,0.95,36.5
294,0.95,36.5
301,0.95,36.5
308,0.95,36.5
315,0.95,36.5
322,0.95,36.5
329,0.95,36.5
336,0.95,36.5
343,0.95,36.5
350,0.95,36.5
357,0.95,36.5
364,0.95,36.5
0,1.00460859140519,37
7,1.00333813552686,37
14,1.00180116015319,37
21,1.00000798472089,37
28,0.999000050468935,37
35,0.997934647376291,37
42,0.996377553484939,37
49,0.9950912505153,37
56,0.993264942399773,37
63,0.992785858957358,37
70,0.990211913331723,37
77,0.989643780148543,37
84,0.98859094554648,37
91,0.986840454046375,37
98,0.985098737886468,37
105,0.983535851476669,37
112,0.982918043825523,37
119,0.980288512537369,37
126,0.97911493786981,37
133,0.978001221117254,37
140,0.977418826878756,37
147,0.97558988381802,37
154,0.973515977120745,37
161,0.972444846147308,37
168,0.970892838427952,37
175,0.969445105503883,37
182,0.968889444779279,37
189,0.966314128435368,37
196,0.966404390427867,37
203,0.964614114845092,37
210,0.963345430835302,37
217,0.961168530243987,37
224,0.959925029640461,37
231,0.957883424092738,37
238,0.956937668796467,37
245,0.956046827423822,37
252,0.955048031530891,37
259,0.952446421591599,37
266,0.951417247031507,37
273,0.950124350389884,37
280,0.95,37
287,0.95,37
294,0.95,37
301,0.95,37
308,0.95,37
315,0.95,37
322,0.95,37
329,0.95,37
336,0.95,37
343,0.95,37
350,0.95,37
357,0.95,37
364,0.95,37
0,1.00369805910746,37.5
7,1.00110488903742,37.5
14,1.00047888071965,37.5
21,0.998451315840515,37.5
28,0.996861537536234,37.5
35,0.995830314296271,37.5
42,0.995395949667207,37.5
49,0.993875007914335,37.5
56,0.992121502361027,37.5
63,0.989833649720055,37.5
70,0.989101859674306,37.5
77,0.987950850004451,37.5
84,0.986487768114789,37.5
91,0.98407810320826,37.5
98,0.98315484107599,37.5
105,0.982167961117926,37.5
112,0.981068145454759,37.5
119,0.97830193608945,37.5
126,0.97791893801226,37.5
133,0.97667152438494,37.5
140,0.975624805994258,37.5
147,0.974146428792119,37.5
154,0.972691285659404,37.5
161,0.970600029746649,37.5
168,0.968645998931438,37.5
175,0.968003473621469,37.5
182,0.967300815912604,37.5
189,0.966096727263762,37.5
196,0.964355274551149,37.5
203,0.962814670411401,37.5
210,0.961389819824193,37.5
217,0.959521940626619,37.5
224,0.958334969853223,37.5
231,0.957834534762913,37.5
238,0.955128720997104,37.5
245,0.955007389395355,37.5
252,0.952638985922754,37.5
259,0.952062716054548,37.5
266,0.95,37.5
273,0.95,37.5
280,0.95,37.5
287,0.95,37.5
294,0.95,37.5
301,0.95,37.5
308,0.95,37.5
315,0.95,37.5
322,0.95,37.5
329,0.95,37.5
336,0.95,37.5
343,0.95,37.5
350,0.95,37.5
357,0.95,37.5
364,0.95,37.5
0,1.001426786747,38
7,0.999394216320449,38
14,0.998668670239842,38
21,0.997231806527294,38
28,0.996480152398141,38
35,0.994831241812033,38
42,0.992610315439184,38
49,0.991886127193206,38
56,0.990735765585865,38
63,0.989764015679694,38
70,0.988043751983707,38
77,0.986580423327156,38
84,0.984830042997308,38
91,0.983594156002712,38
98,0.982624752450353,38
105,0.97993361130126,38
112,0.979025280336392,38
119,0.977413715625622,38
126,0.976589576559363,38
133,0.975615111087826,38
140,0.97330151285664,38
147,0.971004847816265,38
154,0.970593889627488,38
161,0.969856736866009,38
168,0.968268814951475,38
175,0.966814093123905,38
182,0.965060003349063,38
189,0.96316048463189,38
196,0.962657647160812,38
203,0.960582859094983,38
210,0.96069204836669,38
217,0.958485253604177,38
224,0.956509675848723,38
231,0.955094307376306,38
238,0.953953527896693,38
245,0.952480249038989,38
252,0.951758416887765,38
259,0.95,38
266,0.95,38
273,0.95,38
280,0.95,38
287,0.95,38
294,0.95,38
301,0.95,38
308,0.95,38
315,0.95,38
322,0.95,38
329,0.95,38
336,0.95,38
343,0.95,38
350,0.95,38
357,0.95,38
364,0.95,38
0,1.0000957886981,38.5
7,0.998853120494653,38.5
14,0.997923652849696,38.5
21,0.996084051602564,38.5
28,0.993875172250545,38.5
35,0.993681281426357,38.5
42,0.992420307281744,38.5
49,0.991776028367256,38.5
56,0.98823825298338,38.5
63,0.987521441006575,38.5
70,0.984958950648405,38.5
77,0.98487657457819,38.5
84,0.982925899850917,38.5
91,0.982761722897413,38.5
98,0.980012692514991,38.5
105,0.978155408481017,38.5
112,0.977364368129649,38.5
119,0.975212256114392,38.5
126,0.975175549727254,38.5
133,0.972367458476872,38.5
140,0.972014228790592,38.5
147,0.969561094090072,38.5
154,0.969039851097732,38.5
161,0.968621689077902,38.5
168,0.966580323945718,38.5
175,0.964568253197518,38.5
182,0.96358439825553,38.5
189,0.962209008436022,38.5
196,0.961036315172922,38.5
203,0.95871657081836,38.5
210,0.958296283636924,38.5
217,0.955247804184199,38.5
224,0.954885057723818,38.5
231,0.953555863078774,38.5
238,0.952716663413036,38.5
245,0.951011315426339,38.5
252,0.95,38.5
259,0.95,38.5
266,0.95,38.5
273,0.95,38.5
280,0.95,38.5
287,0.95,38.5
294,0.95,38.5
301,0.95,38.5
308,0.95,38.5
315,0.95,38.5
322,0.95,38.5
329,0.95,38.5
336,0.95,38.5
343,0.95,38.5
350,0.95,38.5
357,0.95,38.5
364,0.95,38.5
0,0.999199269056048,39
7,0.997401064229309,39
14,0.996031111755944,39
21,0.993491886472104,39
28,0.992224423131724,39
35,0.989980460670257,39
42,0.989595309589459,39
49,0.989078351593193,39
56,0.987458473257874,39
63,0.985689243368524,39
70,0.984388849858141,39
77,0.982655557228712,39
84,0.981702379441201,39
91,0.98058293913974,39
98,0.977992056606295,39
105,0.977549823843919,39
112,0.976466217435477,39
119,0.974392449855518,39
126,0.97355035030606,39
133,0.973207327222236,39
140,0.970347828603506,39
147,0.969196653525003,39
154,0.967230971458169,39
161,0.966290625581301,39
168,0.965030135812491,39
175,0.963497421170135,39
182,0.961490152340146,39
189,0.960703180885663,39
196,0.959931097969359,39
203,0.958024317882257,39
210,0.956880993594536,39
217,0.954881494014994,39
224,0.953974950119712,39
231,0.952339633919108,39
238,0.950324544635156,39
245,0.95,39
252,0.95,39
259,0.95,39
266,0.95,39
273,0.95,39
280,0.95,39
287,0.95,39
294,0.95,39
301,0.95,39
308,0.95,39
315,0.95,39
322,0.95,39
329,0.95,39
336,0.95,39
343,0.95,39
350,0.95,39
357,0.95,39
364,0.95,39
0,0.996450900162695,39.5
7,0.996239337336686,39.5
14,0.993044179724674,39.5
21,0.993255583748901,39.5
28,0.991087840514561,39.5
35,0.990229792436172,39.5
42,0.98843990074203,39.5
49,0.987569777768013,39.5
56,0.985406319017724,39.5
63,0.983650689787411,39.5
70,0.983510252143636,39.5
77,0.981343259677059,39.5
84,0.980110779236812,39.5
91,0.979217375957023,39.5
98,0.976684022378953,39.5
105,0.97609774544882,39.5
112,0.974105052621769,39.5
119,0.972933915322178,39.5
126,0.971636139482692,39.5
133,0.969449889069277,39.5
140,0.96841058147859,39.5
147,0.968075536446207,39.5
154,0.966443095594293,39.5
161,0.964568680211336,39.5
168,0.963321561729257,39.5
175,0.961652878747182,39.5
182,0.961078291692914,39.5
189,0.958899823711103,39.5
196,0.957715921046068,39.5
203,0.956773015072071,39.5
210,0.954411314257577,39.5
217,0.954179394592248,39.5
224,0.951234769295128,39.5
231,0.951414821065556,39.5
238,0.95,39.5
245,0.95,39.5
252,0.95,39.5
259,0.95,39.5
266,0.95,39.5
273,0.95,39.5
280,0.95,39.5
287,0.95,39.5
294,0.95,39.5
301,0.95,39.5
308,0.95,39.5
315,0.95,39.5
322,0.95,39.5
329,0.95,39.5
336,0.95,39.5
343,0.95,39.5
350,0.95,39.5
357,0.95,39.5
364,0.95,39.5
0,0.99514459371986,40
7,0.993605878473239,40
14,0.992372039775739,40
21,0.991168978764116,40
28,0.990045651843435,40
35,0.988202114929497,40
42,0.987109443149012,40
49,0.986219179866136,40
56,0.984190654806132,40
63,0.982755826428003,40
70,0.980440544587455,40
77,0.978484634931585,40
84,0.978594187864615,40
91,0.97695258788436,40
98,0.975342608662543,40
105,0.974321765102093,40
112,0.972769798135402,40
119,0.971963890125317,40
126,0.97004305543413,40
133,0.968226538357465,40
140,0.96769508311948,40
147,0.965691434462527,40
154,0.964663268341836,40
161,0.962761294646904,40
168,0.961275086557251,40
175,0.960242084115093,40
182,0.958806414321772,40
189,0.957639913517683,40
196,0.955865677123345,40
203,0.953681820108115,40
210,0.952983613058206,40
217,0.952196909233572,40
224,0.950251311960379,40
231,0.95,40
238,0.95,40
245,0.95,40
252,0.95,40
259,0.95,40
266,0.95,40
273,0.95,40
280,0.95,40
287,0.95,40
294,0.95,40
301,0.95,40
308,0.95,40
315,0.95,40
322,0.95,40
329,0.95,40
336,0.95,40
343,0.95,40
350,0.95,40
357,0.95,40
364,0.95,40
